# This file uses centimeters as units for non-parametric coordinates.

mtllib cube_geo.mtl
g default
v -0.150035 1.000000 0.150035
v -0.150035 1.349965 0.500000
v -0.500000 1.349965 0.150035
v 0.500000 1.349965 0.150035
v 0.150035 1.349965 0.500000
v 0.150035 1.000000 0.150035
v -0.500000 1.650035 0.150035
v -0.150035 1.650035 0.500000
v -0.150035 2.000000 0.150035
v 0.150035 2.000000 0.150035
v 0.150035 1.650035 0.500000
v 0.500000 1.650035 0.150035
v -0.500000 1.650035 -0.150035
v -0.150035 2.000000 -0.150035
v -0.150035 1.650035 -0.500000
v 0.150035 1.650035 -0.500000
v 0.150035 2.000000 -0.150035
v 0.500000 1.650035 -0.150035
v -0.500000 1.349965 -0.150035
v -0.150035 1.349965 -0.500000
v -0.150035 1.000000 -0.150035
v 0.150035 1.000000 -0.150035
v 0.150035 1.349965 -0.500000
v 0.500000 1.349965 -0.150035
vt 0.902795 0.226083
vt 0.883304 0.226083
vt 0.883304 0.209371
vt 0.902795 0.022792
vt 0.902795 0.042284
vt 0.939000 0.226083
vt 0.919508 0.226083
vt 0.939000 0.209371
vt 0.958491 0.042284
vt 0.883304 0.097979
vt 0.883304 0.114692
vt 0.902795 0.058996
vt 0.919508 0.058996
vt 0.939000 0.097979
vt 0.883304 0.153675
vt 0.883304 0.170388
vt 0.902795 0.114692
vt 0.919508 0.114692
vt 0.939000 0.153675
vt 0.939000 0.170388
vt 0.902795 0.170388
vt 0.919508 0.170388
vt 0.919508 0.209371
vt 0.919508 0.042284
vt 0.902795 0.097979
vt 0.919508 0.097979
vt 0.902795 0.153675
vt 0.919508 0.153675
vt 0.902795 0.209371
vt 0.975204 0.042284
vt 0.975204 0.058996
vt 0.847100 0.042284
vt 0.863812 0.042284
vt 0.863812 0.058996
vt 0.847100 0.058996
vt 0.919508 0.022792
vt 0.958491 0.058996
vt 0.939000 0.114692
vn -0.707107 -0.707107 0.000000
vn -0.707107 -0.707107 0.000000
vn -0.707107 -0.707107 0.000000
vn -0.707107 -0.707107 0.000000
vn 0.000000 -0.707107 0.707107
vn 0.000000 -0.707107 0.707107
vn 0.000000 -0.707107 0.707107
vn 0.000000 -0.707107 0.707107
vn -0.707107 0.000000 0.707107
vn -0.707107 0.000000 0.707107
vn -0.707107 0.000000 0.707107
vn -0.707107 0.000000 0.707107
vn 0.707107 -0.707107 0.000000
vn 0.707107 -0.707107 0.000000
vn 0.707107 -0.707107 0.000000
vn 0.707107 -0.707107 0.000000
vn 0.707107 0.000000 0.707107
vn 0.707107 0.000000 0.707107
vn 0.707107 0.000000 0.707107
vn 0.707107 0.000000 0.707107
vn -0.707107 0.707107 0.000000
vn -0.707107 0.707107 0.000000
vn -0.707107 0.707107 0.000000
vn -0.707107 0.707107 0.000000
vn 0.000000 0.707107 0.707107
vn 0.000000 0.707107 0.707107
vn 0.000000 0.707107 0.707107
vn 0.000000 0.707107 0.707107
vn 0.707107 0.707107 0.000000
vn 0.707107 0.707107 0.000000
vn 0.707107 0.707107 0.000000
vn 0.707107 0.707107 0.000000
vn -0.707107 0.000000 -0.707107
vn -0.707107 0.000000 -0.707107
vn -0.707107 0.000000 -0.707107
vn -0.707107 0.000000 -0.707107
vn 0.000000 0.707107 -0.707107
vn 0.000000 0.707107 -0.707107
vn 0.000000 0.707107 -0.707107
vn 0.000000 0.707107 -0.707107
vn 0.707107 0.000000 -0.707107
vn 0.707107 0.000000 -0.707107
vn 0.707107 0.000000 -0.707107
vn 0.707107 0.000000 -0.707107
vn 0.000000 -0.707107 -0.707107
vn 0.000000 -0.707107 -0.707107
vn 0.000000 -0.707107 -0.707107
vn 0.000000 -0.707107 -0.707107
vn 0.000000 0.000000 1.000000
vn 0.000000 0.000000 1.000000
vn 0.000000 0.000000 1.000000
vn 0.000000 0.000000 1.000000
vn 0.000000 1.000000 0.000000
vn 0.000000 1.000000 0.000000
vn 0.000000 1.000000 0.000000
vn 0.000000 1.000000 0.000000
vn 0.000000 0.000000 -1.000000
vn 0.000000 0.000000 -1.000000
vn 0.000000 0.000000 -1.000000
vn 0.000000 0.000000 -1.000000
vn 0.000000 -1.000000 0.000000
vn 0.000000 -1.000000 0.000000
vn 0.000000 -1.000000 0.000000
vn 0.000000 -1.000000 0.000000
vn 1.000000 0.000000 0.000000
vn 1.000000 0.000000 0.000000
vn 1.000000 0.000000 0.000000
vn 1.000000 0.000000 0.000000
vn -1.000000 0.000000 0.000000
vn -1.000000 0.000000 0.000000
vn -1.000000 0.000000 0.000000
vn -1.000000 0.000000 0.000000
vn -0.577350 -0.577350 0.577350
vn -0.577350 -0.577350 0.577350
vn -0.577350 -0.577350 0.577350
vn 0.577350 -0.577350 0.577350
vn 0.577350 -0.577350 0.577350
vn 0.577350 -0.577350 0.577350
vn -0.577350 0.577350 0.577350
vn -0.577350 0.577350 0.577350
vn -0.577350 0.577350 0.577350
vn 0.577350 0.577350 0.577350
vn 0.577350 0.577350 0.577350
vn 0.577350 0.577350 0.577350
vn -0.577350 0.577350 -0.577350
vn -0.577350 0.577350 -0.577350
vn -0.577350 0.577350 -0.577350
vn 0.577350 0.577350 -0.577350
vn 0.577350 0.577350 -0.577350
vn 0.577350 0.577350 -0.577350
vn -0.577350 -0.577350 -0.577350
vn -0.577350 -0.577350 -0.577350
vn -0.577350 -0.577350 -0.577350
vn 0.577350 -0.577350 -0.577350
vn 0.577350 -0.577350 -0.577350
vn 0.577350 -0.577350 -0.577350
s off
g core_geo geo_grp
usemtl lambert3SG
f 1/1/1 3/2/2 19/3/3 21/29/4
f 2/5/5 1/4/6 6/36/7 5/24/8
f 3/33/9 2/5/10 8/12/11 7/34/12
f 4/6/13 6/7/14 22/23/15 24/8/16
f 5/24/17 4/9/18 12/37/19 11/13/20
f 7/10/21 9/25/22 14/17/23 13/11/24
f 9/25/25 8/12/26 11/13/27 10/26/28
f 10/26/29 12/14/30 18/38/31 17/18/32
f 13/15/33 15/27/34 20/21/35 19/16/36
f 15/27/37 14/17/38 17/18/39 16/28/40
f 16/28/41 18/19/42 24/20/43 23/22/44
f 21/29/45 20/21/46 23/22/47 22/23/48
f 2/5/49 5/24/50 11/13/51 8/12/52
f 9/25/53 10/26/54 17/18/55 14/17/56
f 15/27/57 16/28/58 23/22/59 20/21/60
f 21/29/61 22/23/62 6/7/63 1/1/64
f 4/9/65 24/30/66 18/31/67 12/37/68
f 19/32/69 3/33/70 7/34/71 13/35/72
f 1/4/73 2/5/74 3/33/75
f 4/9/76 5/24/77 6/36/78
f 7/34/79 8/12/80 9/25/81
f 10/26/82 11/13/83 12/37/84
f 13/11/85 14/17/86 15/27/87
f 16/28/88 17/18/89 18/38/90
f 19/16/91 20/21/92 21/29/93
f 22/23/94 23/22/95 24/20/96
g default
v -0.436505 2.015000 0.436505
v -0.436505 2.063495 0.485000
v -0.485000 2.063495 0.436505
v 0.485000 2.063495 0.436505
v 0.436505 2.063495 0.485000
v 0.436505 2.015000 0.436505
v -0.485000 2.936505 0.436505
v -0.436505 2.936505 0.485000
v -0.436505 2.985000 0.436505
v 0.436505 2.985000 0.436505
v 0.436505 2.936505 0.485000
v 0.485000 2.936505 0.436505
v -0.485000 2.936505 -0.436505
v -0.436505 2.985000 -0.436505
v -0.436505 2.936505 -0.485000
v 0.436505 2.936505 -0.485000
v 0.436505 2.985000 -0.436505
v 0.485000 2.936505 -0.436505
v -0.485000 2.063495 -0.436505
v -0.436505 2.063495 -0.485000
v -0.436505 2.015000 -0.436505
v 0.436505 2.015000 -0.436505
v 0.436505 2.063495 -0.485000
v 0.485000 2.063495 -0.436505
vt 0.313352 0.248413
vt 0.310497 0.248413
vt 0.310497 0.197006
vt 0.313352 0.022792
vt 0.313352 0.025648
vt 0.367616 0.248413
vt 0.364760 0.248413
vt 0.367616 0.197006
vt 0.370472 0.025648
vt 0.310497 0.082767
vt 0.310497 0.134175
vt 0.313352 0.077056
vt 0.364760 0.077056
vt 0.367616 0.082767
vt 0.310497 0.139886
vt 0.310497 0.191294
vt 0.313352 0.134175
vt 0.364760 0.134175
vt 0.367616 0.139886
vt 0.367616 0.191294
vt 0.313352 0.191294
vt 0.364760 0.191294
vt 0.364760 0.197006
vt 0.364760 0.025648
vt 0.313352 0.082767
vt 0.364760 0.082767
vt 0.313352 0.139886
vt 0.364760 0.139886
vt 0.313352 0.197006
vt 0.421879 0.025648
vt 0.421879 0.077056
vt 0.256233 0.025648
vt 0.307641 0.025648
vt 0.307641 0.077056
vt 0.256233 0.077056
vt 0.364760 0.022792
vt 0.370472 0.077056
vt 0.367616 0.134175
vn -0.707107 -0.707107 0.000000
vn -0.707107 -0.707107 0.000000
vn -0.707107 -0.707107 0.000000
vn -0.707107 -0.707107 0.000000
vn 0.000000 -0.707107 0.707107
vn 0.000000 -0.707107 0.707107
vn 0.000000 -0.707107 0.707107
vn 0.000000 -0.707107 0.707107
vn -0.707107 0.000000 0.707107
vn -0.707107 0.000000 0.707107
vn -0.707107 0.000000 0.707107
vn -0.707107 0.000000 0.707107
vn 0.707107 -0.707107 0.000000
vn 0.707107 -0.707107 0.000000
vn 0.707107 -0.707107 0.000000
vn 0.707107 -0.707107 0.000000
vn 0.707107 0.000000 0.707107
vn 0.707107 0.000000 0.707107
vn 0.707107 0.000000 0.707107
vn 0.707107 0.000000 0.707107
vn -0.707107 0.707107 0.000000
vn -0.707107 0.707107 0.000000
vn -0.707107 0.707107 0.000000
vn -0.707107 0.707107 0.000000
vn 0.000000 0.707107 0.707107
vn 0.000000 0.707107 0.707107
vn 0.000000 0.707107 0.707107
vn 0.000000 0.707107 0.707107
vn 0.707107 0.707107 0.000000
vn 0.707107 0.707107 0.000000
vn 0.707107 0.707107 0.000000
vn 0.707107 0.707107 0.000000
vn -0.707107 0.000000 -0.707107
vn -0.707107 0.000000 -0.707107
vn -0.707107 0.000000 -0.707107
vn -0.707107 0.000000 -0.707107
vn 0.000000 0.707107 -0.707107
vn 0.000000 0.707107 -0.707107
vn 0.000000 0.707107 -0.707107
vn 0.000000 0.707107 -0.707107
vn 0.707107 0.000000 -0.707107
vn 0.707107 0.000000 -0.707107
vn 0.707107 0.000000 -0.707107
vn 0.707107 0.000000 -0.707107
vn 0.000000 -0.707107 -0.707107
vn 0.000000 -0.707107 -0.707107
vn 0.000000 -0.707107 -0.707107
vn 0.000000 -0.707107 -0.707107
vn 0.000000 0.000000 1.000000
vn 0.000000 0.000000 1.000000
vn 0.000000 0.000000 1.000000
vn 0.000000 0.000000 1.000000
vn 0.000000 1.000000 0.000000
vn 0.000000 1.000000 0.000000
vn 0.000000 1.000000 0.000000
vn 0.000000 1.000000 0.000000
vn 0.000000 0.000000 -1.000000
vn 0.000000 0.000000 -1.000000
vn 0.000000 0.000000 -1.000000
vn 0.000000 0.000000 -1.000000
vn 0.000000 -1.000000 0.000000
vn 0.000000 -1.000000 0.000000
vn 0.000000 -1.000000 0.000000
vn 0.000000 -1.000000 0.000000
vn 1.000000 0.000000 0.000000
vn 1.000000 0.000000 0.000000
vn 1.000000 0.000000 0.000000
vn 1.000000 0.000000 0.000000
vn -1.000000 0.000000 0.000000
vn -1.000000 0.000000 0.000000
vn -1.000000 0.000000 0.000000
vn -1.000000 0.000000 0.000000
vn -0.577350 -0.577350 0.577350
vn -0.577350 -0.577350 0.577350
vn -0.577350 -0.577350 0.577350
vn 0.577350 -0.577350 0.577350
vn 0.577350 -0.577350 0.577350
vn 0.577350 -0.577350 0.577350
vn -0.577350 0.577350 0.577350
vn -0.577350 0.577350 0.577350
vn -0.577350 0.577350 0.577350
vn 0.577350 0.577350 0.577350
vn 0.577350 0.577350 0.577350
vn 0.577350 0.577350 0.577350
vn -0.577350 0.577350 -0.577350
vn -0.577350 0.577350 -0.577350
vn -0.577350 0.577350 -0.577350
vn 0.577350 0.577350 -0.577350
vn 0.577350 0.577350 -0.577350
vn 0.577350 0.577350 -0.577350
vn -0.577350 -0.577350 -0.577350
vn -0.577350 -0.577350 -0.577350
vn -0.577350 -0.577350 -0.577350
vn 0.577350 -0.577350 -0.577350
vn 0.577350 -0.577350 -0.577350
vn 0.577350 -0.577350 -0.577350
s off
g geo_grp axis_Y_geo
usemtl lambert3SG
f 25/39/97 27/40/98 43/41/99 45/67/100
f 26/43/101 25/42/102 30/74/103 29/62/104
f 27/71/105 26/43/106 32/50/107 31/72/108
f 28/44/109 30/45/110 46/61/111 48/46/112
f 29/62/113 28/47/114 36/75/115 35/51/116
f 31/48/117 33/63/118 38/55/119 37/49/120
f 33/63/121 32/50/122 35/51/123 34/64/124
f 34/64/125 36/52/126 42/76/127 41/56/128
f 37/53/129 39/65/130 44/59/131 43/54/132
f 39/65/133 38/55/134 41/56/135 40/66/136
f 40/66/137 42/57/138 48/58/139 47/60/140
f 45/67/141 44/59/142 47/60/143 46/61/144
f 26/43/145 29/62/146 35/51/147 32/50/148
usemtl lambert_greenSG
f 33/63/149 34/64/150 41/56/151 38/55/152
usemtl lambert3SG
f 39/65/153 40/66/154 47/60/155 44/59/156
f 45/67/157 46/61/158 30/45/159 25/39/160
f 28/47/161 48/68/162 42/69/163 36/75/164
f 43/70/165 27/71/166 31/72/167 37/73/168
f 25/42/169 26/43/170 27/71/171
f 28/47/172 29/62/173 30/74/174
f 31/72/175 32/50/176 33/63/177
f 34/64/178 35/51/179 36/75/180
f 37/49/181 38/55/182 39/65/183
f 40/66/184 41/56/185 42/76/186
f 43/54/187 44/59/188 45/67/189
f 46/61/190 47/60/191 48/58/192
g default
v 0.563495 1.015000 0.436505
v 0.563495 1.063495 0.485000
v 0.515000 1.063495 0.436505
v 1.485000 1.063495 0.436505
v 1.436505 1.063495 0.485000
v 1.436505 1.015000 0.436505
v 0.515000 1.936505 0.436505
v 0.563495 1.936505 0.485000
v 0.563495 1.985000 0.436505
v 1.436505 1.985000 0.436505
v 1.436505 1.936505 0.485000
v 1.485000 1.936505 0.436505
v 0.515000 1.936505 -0.436505
v 0.563495 1.985000 -0.436505
v 0.563495 1.936505 -0.485000
v 1.436505 1.936505 -0.485000
v 1.436505 1.985000 -0.436505
v 1.485000 1.936505 -0.436505
v 0.515000 1.063495 -0.436505
v 0.563495 1.063495 -0.485000
v 0.563495 1.015000 -0.436505
v 1.436505 1.015000 -0.436505
v 1.436505 1.063495 -0.485000
v 1.485000 1.063495 -0.436505
vt 0.079865 0.925278
vt 0.077009 0.925278
vt 0.077009 0.873870
vt 0.079865 0.699656
vt 0.079865 0.702512
vt 0.134128 0.925278
vt 0.131272 0.925278
vt 0.134128 0.873870
vt 0.136984 0.702512
vt 0.077009 0.759631
vt 0.077009 0.811039
vt 0.079865 0.753920
vt 0.131272 0.753920
vt 0.134128 0.759631
vt 0.077009 0.816750
vt 0.077009 0.868158
vt 0.079865 0.811039
vt 0.131272 0.811039
vt 0.134128 0.816750
vt 0.134128 0.868158
vt 0.079865 0.868158
vt 0.131272 0.868158
vt 0.131272 0.873870
vt 0.131272 0.702512
vt 0.079865 0.759631
vt 0.131272 0.759631
vt 0.079865 0.816750
vt 0.131272 0.816750
vt 0.079865 0.873870
vt 0.188392 0.702512
vt 0.188392 0.753920
vt 0.022745 0.702512
vt 0.074153 0.702512
vt 0.074153 0.753920
vt 0.022745 0.753920
vt 0.131272 0.699656
vt 0.136984 0.753920
vt 0.134128 0.811039
vn -0.707107 -0.707107 0.000000
vn -0.707107 -0.707107 0.000000
vn -0.707107 -0.707107 0.000000
vn -0.707107 -0.707107 0.000000
vn 0.000000 -0.707107 0.707107
vn 0.000000 -0.707107 0.707107
vn 0.000000 -0.707107 0.707107
vn 0.000000 -0.707107 0.707107
vn -0.707107 0.000000 0.707107
vn -0.707107 0.000000 0.707107
vn -0.707107 0.000000 0.707107
vn -0.707107 0.000000 0.707107
vn 0.707107 -0.707107 0.000000
vn 0.707107 -0.707107 0.000000
vn 0.707107 -0.707107 0.000000
vn 0.707107 -0.707107 0.000000
vn 0.707107 0.000000 0.707107
vn 0.707107 0.000000 0.707107
vn 0.707107 0.000000 0.707107
vn 0.707107 0.000000 0.707107
vn -0.707107 0.707107 0.000000
vn -0.707107 0.707107 0.000000
vn -0.707107 0.707107 0.000000
vn -0.707107 0.707107 0.000000
vn 0.000000 0.707107 0.707107
vn 0.000000 0.707107 0.707107
vn 0.000000 0.707107 0.707107
vn 0.000000 0.707107 0.707107
vn 0.707107 0.707107 0.000000
vn 0.707107 0.707107 0.000000
vn 0.707107 0.707107 0.000000
vn 0.707107 0.707107 0.000000
vn -0.707107 0.000000 -0.707107
vn -0.707107 0.000000 -0.707107
vn -0.707107 0.000000 -0.707107
vn -0.707107 0.000000 -0.707107
vn 0.000000 0.707107 -0.707107
vn 0.000000 0.707107 -0.707107
vn 0.000000 0.707107 -0.707107
vn 0.000000 0.707107 -0.707107
vn 0.707107 0.000000 -0.707107
vn 0.707107 0.000000 -0.707107
vn 0.707107 0.000000 -0.707107
vn 0.707107 0.000000 -0.707107
vn 0.000000 -0.707107 -0.707107
vn 0.000000 -0.707107 -0.707107
vn 0.000000 -0.707107 -0.707107
vn 0.000000 -0.707107 -0.707107
vn 0.000000 0.000000 1.000000
vn 0.000000 0.000000 1.000000
vn 0.000000 0.000000 1.000000
vn 0.000000 0.000000 1.000000
vn 0.000000 1.000000 0.000000
vn 0.000000 1.000000 0.000000
vn 0.000000 1.000000 0.000000
vn 0.000000 1.000000 0.000000
vn 0.000000 0.000000 -1.000000
vn 0.000000 0.000000 -1.000000
vn 0.000000 0.000000 -1.000000
vn 0.000000 0.000000 -1.000000
vn 0.000000 -1.000000 0.000000
vn 0.000000 -1.000000 0.000000
vn 0.000000 -1.000000 0.000000
vn 0.000000 -1.000000 0.000000
vn 1.000000 0.000000 0.000000
vn 1.000000 0.000000 0.000000
vn 1.000000 0.000000 0.000000
vn 1.000000 0.000000 0.000000
vn -1.000000 0.000000 0.000000
vn -1.000000 0.000000 0.000000
vn -1.000000 0.000000 0.000000
vn -1.000000 0.000000 0.000000
vn -0.577350 -0.577350 0.577350
vn -0.577350 -0.577350 0.577350
vn -0.577350 -0.577350 0.577350
vn 0.577350 -0.577350 0.577350
vn 0.577350 -0.577350 0.577350
vn 0.577350 -0.577350 0.577350
vn -0.577350 0.577350 0.577350
vn -0.577350 0.577350 0.577350
vn -0.577350 0.577350 0.577350
vn 0.577350 0.577350 0.577350
vn 0.577350 0.577350 0.577350
vn 0.577350 0.577350 0.577350
vn -0.577350 0.577350 -0.577350
vn -0.577350 0.577350 -0.577350
vn -0.577350 0.577350 -0.577350
vn 0.577350 0.577350 -0.577350
vn 0.577350 0.577350 -0.577350
vn 0.577350 0.577350 -0.577350
vn -0.577350 -0.577350 -0.577350
vn -0.577350 -0.577350 -0.577350
vn -0.577350 -0.577350 -0.577350
vn 0.577350 -0.577350 -0.577350
vn 0.577350 -0.577350 -0.577350
vn 0.577350 -0.577350 -0.577350
s off
g geo_grp axis_R_geo
usemtl lambert3SG
f 49/77/193 51/78/194 67/79/195 69/105/196
f 50/81/197 49/80/198 54/112/199 53/100/200
f 51/109/201 50/81/202 56/88/203 55/110/204
f 52/82/205 54/83/206 70/99/207 72/84/208
f 53/100/209 52/85/210 60/113/211 59/89/212
f 55/86/213 57/101/214 62/93/215 61/87/216
f 57/101/217 56/88/218 59/89/219 58/102/220
f 58/102/221 60/90/222 66/114/223 65/94/224
f 61/91/225 63/103/226 68/97/227 67/92/228
f 63/103/229 62/93/230 65/94/231 64/104/232
f 64/104/233 66/95/234 72/96/235 71/98/236
f 69/105/237 68/97/238 71/98/239 70/99/240
f 50/81/241 53/100/242 59/89/243 56/88/244
f 57/101/245 58/102/246 65/94/247 62/93/248
f 63/103/249 64/104/250 71/98/251 68/97/252
f 69/105/253 70/99/254 54/83/255 49/77/256
usemtl pasted__lambert_blueSG
f 52/85/257 72/106/258 66/107/259 60/113/260
usemtl lambert3SG
f 67/108/261 51/109/262 55/110/263 61/111/264
f 49/80/265 50/81/266 51/109/267
f 52/85/268 53/100/269 54/112/270
f 55/110/271 56/88/272 57/101/273
f 58/102/274 59/89/275 60/113/276
f 61/87/277 62/93/278 63/103/279
f 64/104/280 65/94/281 66/114/282
f 67/92/283 68/97/284 69/105/285
f 70/99/286 71/98/287 72/96/288
g default
v -0.436505 1.015000 -0.563495
v -0.436505 1.063495 -0.515000
v -0.485000 1.063495 -0.563495
v 0.485000 1.063495 -0.563495
v 0.436505 1.063495 -0.515000
v 0.436505 1.015000 -0.563495
v -0.485000 1.936505 -0.563495
v -0.436505 1.936505 -0.515000
v -0.436505 1.985000 -0.563495
v 0.436505 1.985000 -0.563495
v 0.436505 1.936505 -0.515000
v 0.485000 1.936505 -0.563495
v -0.485000 1.936505 -1.436505
v -0.436505 1.985000 -1.436505
v -0.436505 1.936505 -1.485000
v 0.436505 1.936505 -1.485000
v 0.436505 1.985000 -1.436505
v 0.485000 1.936505 -1.436505
v -0.485000 1.063495 -1.436505
v -0.436505 1.063495 -1.485000
v -0.436505 1.015000 -1.436505
v 0.436505 1.015000 -1.436505
v 0.436505 1.063495 -1.485000
v 0.485000 1.063495 -1.436505
vt 0.770797 0.751587
vt 0.767942 0.751587
vt 0.767942 0.700179
vt 0.770797 0.525965
vt 0.770797 0.528821
vt 0.825061 0.751587
vt 0.822205 0.751587
vt 0.825061 0.700179
vt 0.827917 0.528821
vt 0.767942 0.585940
vt 0.767942 0.637348
vt 0.770797 0.580229
vt 0.822205 0.580229
vt 0.825061 0.585940
vt 0.767942 0.643059
vt 0.767942 0.694467
vt 0.770797 0.637348
vt 0.822205 0.637348
vt 0.825061 0.643059
vt 0.825061 0.694467
vt 0.770797 0.694467
vt 0.822205 0.694467
vt 0.822205 0.700179
vt 0.822205 0.528821
vt 0.770797 0.585940
vt 0.822205 0.585940
vt 0.770797 0.643059
vt 0.822205 0.643059
vt 0.770797 0.700179
vt 0.879325 0.528821
vt 0.879325 0.580229
vt 0.713678 0.528821
vt 0.765086 0.528821
vt 0.765086 0.580229
vt 0.713678 0.580229
vt 0.822205 0.525965
vt 0.827917 0.580229
vt 0.825061 0.637348
vn -0.707107 -0.707107 0.000000
vn -0.707107 -0.707107 0.000000
vn -0.707107 -0.707107 0.000000
vn -0.707107 -0.707107 0.000000
vn 0.000000 -0.707107 0.707107
vn 0.000000 -0.707107 0.707107
vn 0.000000 -0.707107 0.707107
vn 0.000000 -0.707107 0.707107
vn -0.707107 0.000000 0.707107
vn -0.707107 0.000000 0.707107
vn -0.707107 0.000000 0.707107
vn -0.707107 0.000000 0.707107
vn 0.707107 -0.707107 0.000000
vn 0.707107 -0.707107 0.000000
vn 0.707107 -0.707107 0.000000
vn 0.707107 -0.707107 0.000000
vn 0.707107 0.000000 0.707107
vn 0.707107 0.000000 0.707107
vn 0.707107 0.000000 0.707107
vn 0.707107 0.000000 0.707107
vn -0.707107 0.707107 0.000000
vn -0.707107 0.707107 0.000000
vn -0.707107 0.707107 0.000000
vn -0.707107 0.707107 0.000000
vn 0.000000 0.707107 0.707107
vn 0.000000 0.707107 0.707107
vn 0.000000 0.707107 0.707107
vn 0.000000 0.707107 0.707107
vn 0.707107 0.707107 0.000000
vn 0.707107 0.707107 0.000000
vn 0.707107 0.707107 0.000000
vn 0.707107 0.707107 0.000000
vn -0.707107 0.000000 -0.707107
vn -0.707107 0.000000 -0.707107
vn -0.707107 0.000000 -0.707107
vn -0.707107 0.000000 -0.707107
vn 0.000000 0.707107 -0.707107
vn 0.000000 0.707107 -0.707107
vn 0.000000 0.707107 -0.707107
vn 0.000000 0.707107 -0.707107
vn 0.707107 0.000000 -0.707107
vn 0.707107 0.000000 -0.707107
vn 0.707107 0.000000 -0.707107
vn 0.707107 0.000000 -0.707107
vn 0.000000 -0.707107 -0.707107
vn 0.000000 -0.707107 -0.707107
vn 0.000000 -0.707107 -0.707107
vn 0.000000 -0.707107 -0.707107
vn 0.000000 0.000000 1.000000
vn 0.000000 0.000000 1.000000
vn 0.000000 0.000000 1.000000
vn 0.000000 0.000000 1.000000
vn 0.000000 1.000000 0.000000
vn 0.000000 1.000000 0.000000
vn 0.000000 1.000000 0.000000
vn 0.000000 1.000000 0.000000
vn 0.000000 0.000000 -1.000000
vn 0.000000 0.000000 -1.000000
vn 0.000000 0.000000 -1.000000
vn 0.000000 0.000000 -1.000000
vn 0.000000 -1.000000 0.000000
vn 0.000000 -1.000000 0.000000
vn 0.000000 -1.000000 0.000000
vn 0.000000 -1.000000 0.000000
vn 1.000000 0.000000 0.000000
vn 1.000000 0.000000 0.000000
vn 1.000000 0.000000 0.000000
vn 1.000000 0.000000 0.000000
vn -1.000000 0.000000 0.000000
vn -1.000000 0.000000 0.000000
vn -1.000000 0.000000 0.000000
vn -1.000000 0.000000 0.000000
vn -0.577350 -0.577350 0.577350
vn -0.577350 -0.577350 0.577350
vn -0.577350 -0.577350 0.577350
vn 0.577350 -0.577350 0.577350
vn 0.577350 -0.577350 0.577350
vn 0.577350 -0.577350 0.577350
vn -0.577350 0.577350 0.577350
vn -0.577350 0.577350 0.577350
vn -0.577350 0.577350 0.577350
vn 0.577350 0.577350 0.577350
vn 0.577350 0.577350 0.577350
vn 0.577350 0.577350 0.577350
vn -0.577350 0.577350 -0.577350
vn -0.577350 0.577350 -0.577350
vn -0.577350 0.577350 -0.577350
vn 0.577350 0.577350 -0.577350
vn 0.577350 0.577350 -0.577350
vn 0.577350 0.577350 -0.577350
vn -0.577350 -0.577350 -0.577350
vn -0.577350 -0.577350 -0.577350
vn -0.577350 -0.577350 -0.577350
vn 0.577350 -0.577350 -0.577350
vn 0.577350 -0.577350 -0.577350
vn 0.577350 -0.577350 -0.577350
s off
g geo_grp axis_G_geo
usemtl lambert3SG
f 73/115/289 75/116/290 91/117/291 93/143/292
f 74/119/293 73/118/294 78/150/295 77/138/296
f 75/147/297 74/119/298 80/126/299 79/148/300
f 76/120/301 78/121/302 94/137/303 96/122/304
f 77/138/305 76/123/306 84/151/307 83/127/308
f 79/124/309 81/139/310 86/131/311 85/125/312
f 81/139/313 80/126/314 83/127/315 82/140/316
f 82/140/317 84/128/318 90/152/319 89/132/320
f 85/129/321 87/141/322 92/135/323 91/130/324
f 87/141/325 86/131/326 89/132/327 88/142/328
f 88/142/329 90/133/330 96/134/331 95/136/332
f 93/143/333 92/135/334 95/136/335 94/137/336
f 74/119/337 77/138/338 83/127/339 80/126/340
f 81/139/341 82/140/342 89/132/343 86/131/344
usemtl lambert4SG
f 87/141/345 88/142/346 95/136/347 92/135/348
usemtl lambert3SG
f 93/143/349 94/137/350 78/121/351 73/115/352
f 76/123/353 96/144/354 90/145/355 84/151/356
f 91/146/357 75/147/358 79/148/359 85/149/360
f 73/118/361 74/119/362 75/147/363
f 76/123/364 77/138/365 78/150/366
f 79/148/367 80/126/368 81/139/369
f 82/140/370 83/127/371 84/151/372
f 85/125/373 86/131/374 87/141/375
f 88/142/376 89/132/377 90/152/378
f 91/130/379 92/135/380 93/143/381
f 94/137/382 95/136/383 96/134/384
g default
v -0.436505 0.015000 0.436505
v -0.436505 0.063495 0.485000
v -0.485000 0.063495 0.436505
v 0.485000 0.063495 0.436505
v 0.436505 0.063495 0.485000
v 0.436505 0.015000 0.436505
v -0.485000 0.936505 0.436505
v -0.436505 0.936505 0.485000
v -0.436505 0.985000 0.436505
v 0.436505 0.985000 0.436505
v 0.436505 0.936505 0.485000
v 0.485000 0.936505 0.436505
v -0.485000 0.936505 -0.436505
v -0.436505 0.985000 -0.436505
v -0.436505 0.936505 -0.485000
v 0.436505 0.936505 -0.485000
v 0.436505 0.985000 -0.436505
v 0.485000 0.936505 -0.436505
v -0.485000 0.063495 -0.436505
v -0.436505 0.063495 -0.485000
v -0.436505 0.015000 -0.436505
v 0.436505 0.015000 -0.436505
v 0.436505 0.063495 -0.485000
v 0.485000 0.063495 -0.436505
vt 0.079865 0.248413
vt 0.077009 0.248413
vt 0.077009 0.197006
vt 0.079865 0.022792
vt 0.079865 0.025648
vt 0.134128 0.248413
vt 0.131272 0.248413
vt 0.134128 0.197006
vt 0.136984 0.025648
vt 0.077009 0.082767
vt 0.077009 0.134175
vt 0.079865 0.077056
vt 0.131272 0.077056
vt 0.134128 0.082767
vt 0.077009 0.139886
vt 0.077009 0.191294
vt 0.079865 0.134175
vt 0.131272 0.134175
vt 0.134128 0.139886
vt 0.134128 0.191294
vt 0.079865 0.191294
vt 0.131272 0.191294
vt 0.131272 0.197006
vt 0.131272 0.025648
vt 0.079865 0.082767
vt 0.131272 0.082767
vt 0.079865 0.139886
vt 0.131272 0.139886
vt 0.079865 0.197006
vt 0.188392 0.025648
vt 0.188392 0.077056
vt 0.022745 0.025648
vt 0.074153 0.025648
vt 0.074153 0.077056
vt 0.022745 0.077056
vt 0.131272 0.022792
vt 0.136984 0.077056
vt 0.134128 0.134175
vn -0.707107 -0.707107 0.000000
vn -0.707107 -0.707107 0.000000
vn -0.707107 -0.707107 0.000000
vn -0.707107 -0.707107 0.000000
vn 0.000000 -0.707107 0.707107
vn 0.000000 -0.707107 0.707107
vn 0.000000 -0.707107 0.707107
vn 0.000000 -0.707107 0.707107
vn -0.707107 0.000000 0.707107
vn -0.707107 0.000000 0.707107
vn -0.707107 0.000000 0.707107
vn -0.707107 0.000000 0.707107
vn 0.707107 -0.707107 0.000000
vn 0.707107 -0.707107 0.000000
vn 0.707107 -0.707107 0.000000
vn 0.707107 -0.707107 0.000000
vn 0.707107 0.000000 0.707107
vn 0.707107 0.000000 0.707107
vn 0.707107 0.000000 0.707107
vn 0.707107 0.000000 0.707107
vn -0.707107 0.707107 0.000000
vn -0.707107 0.707107 0.000000
vn -0.707107 0.707107 0.000000
vn -0.707107 0.707107 0.000000
vn 0.000000 0.707107 0.707107
vn 0.000000 0.707107 0.707107
vn 0.000000 0.707107 0.707107
vn 0.000000 0.707107 0.707107
vn 0.707107 0.707107 0.000000
vn 0.707107 0.707107 0.000000
vn 0.707107 0.707107 0.000000
vn 0.707107 0.707107 0.000000
vn -0.707107 0.000000 -0.707107
vn -0.707107 0.000000 -0.707107
vn -0.707107 0.000000 -0.707107
vn -0.707107 0.000000 -0.707107
vn 0.000000 0.707107 -0.707107
vn 0.000000 0.707107 -0.707107
vn 0.000000 0.707107 -0.707107
vn 0.000000 0.707107 -0.707107
vn 0.707107 0.000000 -0.707107
vn 0.707107 0.000000 -0.707107
vn 0.707107 0.000000 -0.707107
vn 0.707107 0.000000 -0.707107
vn 0.000000 -0.707107 -0.707107
vn 0.000000 -0.707107 -0.707107
vn 0.000000 -0.707107 -0.707107
vn 0.000000 -0.707107 -0.707107
vn 0.000000 0.000000 1.000000
vn 0.000000 0.000000 1.000000
vn 0.000000 0.000000 1.000000
vn 0.000000 0.000000 1.000000
vn 0.000000 1.000000 0.000000
vn 0.000000 1.000000 0.000000
vn 0.000000 1.000000 0.000000
vn 0.000000 1.000000 0.000000
vn 0.000000 0.000000 -1.000000
vn 0.000000 0.000000 -1.000000
vn 0.000000 0.000000 -1.000000
vn 0.000000 0.000000 -1.000000
vn 0.000000 -1.000000 0.000000
vn 0.000000 -1.000000 0.000000
vn 0.000000 -1.000000 0.000000
vn 0.000000 -1.000000 0.000000
vn 1.000000 0.000000 0.000000
vn 1.000000 0.000000 0.000000
vn 1.000000 0.000000 0.000000
vn 1.000000 0.000000 0.000000
vn -1.000000 0.000000 0.000000
vn -1.000000 0.000000 0.000000
vn -1.000000 0.000000 0.000000
vn -1.000000 0.000000 0.000000
vn -0.577350 -0.577350 0.577350
vn -0.577350 -0.577350 0.577350
vn -0.577350 -0.577350 0.577350
vn 0.577350 -0.577350 0.577350
vn 0.577350 -0.577350 0.577350
vn 0.577350 -0.577350 0.577350
vn -0.577350 0.577350 0.577350
vn -0.577350 0.577350 0.577350
vn -0.577350 0.577350 0.577350
vn 0.577350 0.577350 0.577350
vn 0.577350 0.577350 0.577350
vn 0.577350 0.577350 0.577350
vn -0.577350 0.577350 -0.577350
vn -0.577350 0.577350 -0.577350
vn -0.577350 0.577350 -0.577350
vn 0.577350 0.577350 -0.577350
vn 0.577350 0.577350 -0.577350
vn 0.577350 0.577350 -0.577350
vn -0.577350 -0.577350 -0.577350
vn -0.577350 -0.577350 -0.577350
vn -0.577350 -0.577350 -0.577350
vn 0.577350 -0.577350 -0.577350
vn 0.577350 -0.577350 -0.577350
vn 0.577350 -0.577350 -0.577350
s off
g geo_grp axis_W_geo
usemtl lambert3SG
f 97/153/385 99/154/386 115/155/387 117/181/388
f 98/157/389 97/156/390 102/188/391 101/176/392
f 99/185/393 98/157/394 104/164/395 103/186/396
f 100/158/397 102/159/398 118/175/399 120/160/400
f 101/176/401 100/161/402 108/189/403 107/165/404
f 103/162/405 105/177/406 110/169/407 109/163/408
f 105/177/409 104/164/410 107/165/411 106/178/412
f 106/178/413 108/166/414 114/190/415 113/170/416
f 109/167/417 111/179/418 116/173/419 115/168/420
f 111/179/421 110/169/422 113/170/423 112/180/424
f 112/180/425 114/171/426 120/172/427 119/174/428
f 117/181/429 116/173/430 119/174/431 118/175/432
usemtl lambert6SG
f 98/157/433 101/176/434 107/165/435 104/164/436
f 105/177/437 106/178/438 113/170/439 110/169/440
usemtl lambert3SG
f 111/179/441 112/180/442 119/174/443 116/173/444
usemtl lambert6SG
f 117/181/445 118/175/446 102/159/447 97/153/448
usemtl lambert3SG
f 100/161/449 120/182/450 114/183/451 108/189/452
f 115/184/453 99/185/454 103/186/455 109/187/456
f 97/156/457 98/157/458 99/185/459
f 100/161/460 101/176/461 102/188/462
f 103/186/463 104/164/464 105/177/465
f 106/178/466 107/165/467 108/189/468
f 109/163/469 110/169/470 111/179/471
f 112/180/472 113/170/473 114/190/474
f 115/168/475 116/173/476 117/181/477
f 118/175/478 119/174/479 120/172/480
g default
v -0.436505 1.015000 1.436505
v -0.436505 1.063495 1.485000
v -0.485000 1.063495 1.436505
v 0.485000 1.063495 1.436505
v 0.436505 1.063495 1.485000
v 0.436505 1.015000 1.436505
v -0.485000 1.936505 1.436505
v -0.436505 1.936505 1.485000
v -0.436505 1.985000 1.436505
v 0.436505 1.985000 1.436505
v 0.436505 1.936505 1.485000
v 0.485000 1.936505 1.436505
v -0.485000 1.936505 0.563495
v -0.436505 1.985000 0.563495
v -0.436505 1.936505 0.515000
v 0.436505 1.936505 0.515000
v 0.436505 1.985000 0.563495
v 0.485000 1.936505 0.563495
v -0.485000 1.063495 0.563495
v -0.436505 1.063495 0.515000
v -0.436505 1.015000 0.563495
v 0.436505 1.015000 0.563495
v 0.436505 1.063495 0.515000
v 0.485000 1.063495 0.563495
vt 0.651671 0.925278
vt 0.648816 0.925278
vt 0.648816 0.873870
vt 0.651671 0.699656
vt 0.651671 0.702512
vt 0.705935 0.925278
vt 0.703079 0.925278
vt 0.705935 0.873870
vt 0.708790 0.702512
vt 0.648816 0.759631
vt 0.648816 0.811039
vt 0.651671 0.753920
vt 0.703079 0.753920
vt 0.705935 0.759631
vt 0.648816 0.816750
vt 0.648816 0.868158
vt 0.651671 0.811039
vt 0.703079 0.811039
vt 0.705935 0.816750
vt 0.705935 0.868158
vt 0.651671 0.868158
vt 0.703079 0.868158
vt 0.703079 0.873870
vt 0.703079 0.702512
vt 0.651671 0.759631
vt 0.703079 0.759631
vt 0.651671 0.816750
vt 0.703079 0.816750
vt 0.651671 0.873870
vt 0.760198 0.702512
vt 0.760198 0.753920
vt 0.594552 0.702512
vt 0.645960 0.702512
vt 0.645960 0.753920
vt 0.594552 0.753920
vt 0.703079 0.699656
vt 0.708790 0.753920
vt 0.705935 0.811039
vn -0.707107 -0.707107 0.000000
vn -0.707107 -0.707107 0.000000
vn -0.707107 -0.707107 0.000000
vn -0.707107 -0.707107 0.000000
vn 0.000000 -0.707107 0.707107
vn 0.000000 -0.707107 0.707107
vn 0.000000 -0.707107 0.707107
vn 0.000000 -0.707107 0.707107
vn -0.707107 0.000000 0.707107
vn -0.707107 0.000000 0.707107
vn -0.707107 0.000000 0.707107
vn -0.707107 0.000000 0.707107
vn 0.707107 -0.707107 0.000000
vn 0.707107 -0.707107 0.000000
vn 0.707107 -0.707107 0.000000
vn 0.707107 -0.707107 0.000000
vn 0.707107 0.000000 0.707107
vn 0.707107 0.000000 0.707107
vn 0.707107 0.000000 0.707107
vn 0.707107 0.000000 0.707107
vn -0.707107 0.707107 0.000000
vn -0.707107 0.707107 0.000000
vn -0.707107 0.707107 0.000000
vn -0.707107 0.707107 0.000000
vn 0.000000 0.707107 0.707107
vn 0.000000 0.707107 0.707107
vn 0.000000 0.707107 0.707107
vn 0.000000 0.707107 0.707107
vn 0.707107 0.707107 0.000000
vn 0.707107 0.707107 0.000000
vn 0.707107 0.707107 0.000000
vn 0.707107 0.707107 0.000000
vn -0.707107 0.000000 -0.707107
vn -0.707107 0.000000 -0.707107
vn -0.707107 0.000000 -0.707107
vn -0.707107 0.000000 -0.707107
vn 0.000000 0.707107 -0.707107
vn 0.000000 0.707107 -0.707107
vn 0.000000 0.707107 -0.707107
vn 0.000000 0.707107 -0.707107
vn 0.707107 0.000000 -0.707107
vn 0.707107 0.000000 -0.707107
vn 0.707107 0.000000 -0.707107
vn 0.707107 0.000000 -0.707107
vn 0.000000 -0.707107 -0.707107
vn 0.000000 -0.707107 -0.707107
vn 0.000000 -0.707107 -0.707107
vn 0.000000 -0.707107 -0.707107
vn 0.000000 0.000000 1.000000
vn 0.000000 0.000000 1.000000
vn 0.000000 0.000000 1.000000
vn 0.000000 0.000000 1.000000
vn 0.000000 1.000000 0.000000
vn 0.000000 1.000000 0.000000
vn 0.000000 1.000000 0.000000
vn 0.000000 1.000000 0.000000
vn 0.000000 0.000000 -1.000000
vn 0.000000 0.000000 -1.000000
vn 0.000000 0.000000 -1.000000
vn 0.000000 0.000000 -1.000000
vn 0.000000 -1.000000 0.000000
vn 0.000000 -1.000000 0.000000
vn 0.000000 -1.000000 0.000000
vn 0.000000 -1.000000 0.000000
vn 1.000000 0.000000 0.000000
vn 1.000000 0.000000 0.000000
vn 1.000000 0.000000 0.000000
vn 1.000000 0.000000 0.000000
vn -1.000000 0.000000 0.000000
vn -1.000000 0.000000 0.000000
vn -1.000000 0.000000 0.000000
vn -1.000000 0.000000 0.000000
vn -0.577350 -0.577350 0.577350
vn -0.577350 -0.577350 0.577350
vn -0.577350 -0.577350 0.577350
vn 0.577350 -0.577350 0.577350
vn 0.577350 -0.577350 0.577350
vn 0.577350 -0.577350 0.577350
vn -0.577350 0.577350 0.577350
vn -0.577350 0.577350 0.577350
vn -0.577350 0.577350 0.577350
vn 0.577350 0.577350 0.577350
vn 0.577350 0.577350 0.577350
vn 0.577350 0.577350 0.577350
vn -0.577350 0.577350 -0.577350
vn -0.577350 0.577350 -0.577350
vn -0.577350 0.577350 -0.577350
vn 0.577350 0.577350 -0.577350
vn 0.577350 0.577350 -0.577350
vn 0.577350 0.577350 -0.577350
vn -0.577350 -0.577350 -0.577350
vn -0.577350 -0.577350 -0.577350
vn -0.577350 -0.577350 -0.577350
vn 0.577350 -0.577350 -0.577350
vn 0.577350 -0.577350 -0.577350
vn 0.577350 -0.577350 -0.577350
s off
g geo_grp axis_B_geo
usemtl lambert3SG
f 121/191/481 123/192/482 139/193/483 141/219/484
f 122/195/485 121/194/486 126/226/487 125/214/488
f 123/223/489 122/195/490 128/202/491 127/224/492
f 124/196/493 126/197/494 142/213/495 144/198/496
f 125/214/497 124/199/498 132/227/499 131/203/500
f 127/200/501 129/215/502 134/207/503 133/201/504
f 129/215/505 128/202/506 131/203/507 130/216/508
f 130/216/509 132/204/510 138/228/511 137/208/512
f 133/205/513 135/217/514 140/211/515 139/206/516
f 135/217/517 134/207/518 137/208/519 136/218/520
f 136/218/521 138/209/522 144/210/523 143/212/524
f 141/219/525 140/211/526 143/212/527 142/213/528
usemtl lambert2SG
f 122/195/529 125/214/530 131/203/531 128/202/532
usemtl lambert3SG
f 129/215/533 130/216/534 137/208/535 134/207/536
f 135/217/537 136/218/538 143/212/539 140/211/540
f 141/219/541 142/213/542 126/197/543 121/191/544
f 124/199/545 144/220/546 138/221/547 132/227/548
f 139/222/549 123/223/550 127/224/551 133/225/552
f 121/194/553 122/195/554 123/223/555
f 124/199/556 125/214/557 126/226/558
f 127/224/559 128/202/560 129/215/561
f 130/216/562 131/203/563 132/227/564
f 133/201/565 134/207/566 135/217/567
f 136/218/568 137/208/569 138/228/570
f 139/206/571 140/211/572 141/219/573
f 142/213/574 143/212/575 144/210/576
g default
v -1.436505 1.015000 0.436505
v -1.436505 1.063495 0.485000
v -1.485000 1.063495 0.436505
v -0.515000 1.063495 0.436505
v -0.563495 1.063495 0.485000
v -0.563495 1.015000 0.436505
v -1.485000 1.936505 0.436505
v -1.436505 1.936505 0.485000
v -1.436505 1.985000 0.436505
v -0.563495 1.985000 0.436505
v -0.563495 1.936505 0.485000
v -0.515000 1.936505 0.436505
v -1.485000 1.936505 -0.436505
v -1.436505 1.985000 -0.436505
v -1.436505 1.936505 -0.485000
v -0.563495 1.936505 -0.485000
v -0.563495 1.985000 -0.436505
v -0.515000 1.936505 -0.436505
v -1.485000 1.063495 -0.436505
v -1.436505 1.063495 -0.485000
v -1.436505 1.015000 -0.436505
v -0.563495 1.015000 -0.436505
v -0.563495 1.063495 -0.485000
v -0.515000 1.063495 -0.436505
vt 0.308587 0.925278
vt 0.305732 0.925278
vt 0.305732 0.873870
vt 0.308587 0.699656
vt 0.308587 0.702512
vt 0.362851 0.925278
vt 0.359995 0.925278
vt 0.362851 0.873870
vt 0.365706 0.702512
vt 0.305732 0.759631
vt 0.305732 0.811039
vt 0.308587 0.753920
vt 0.359995 0.753920
vt 0.362851 0.759631
vt 0.305732 0.816750
vt 0.305732 0.868158
vt 0.308587 0.811039
vt 0.359995 0.811039
vt 0.362851 0.816750
vt 0.362851 0.868158
vt 0.308587 0.868158
vt 0.359995 0.868158
vt 0.359995 0.873870
vt 0.359995 0.702512
vt 0.308587 0.759631
vt 0.359995 0.759631
vt 0.308587 0.816750
vt 0.359995 0.816750
vt 0.308587 0.873870
vt 0.417114 0.702512
vt 0.417114 0.753920
vt 0.251468 0.702512
vt 0.302876 0.702512
vt 0.302876 0.753920
vt 0.251468 0.753920
vt 0.359995 0.699656
vt 0.365706 0.753920
vt 0.362851 0.811039
vn -0.707107 -0.707107 0.000000
vn -0.707107 -0.707107 0.000000
vn -0.707107 -0.707107 0.000000
vn -0.707107 -0.707107 0.000000
vn 0.000000 -0.707107 0.707107
vn 0.000000 -0.707107 0.707107
vn 0.000000 -0.707107 0.707107
vn 0.000000 -0.707107 0.707107
vn -0.707107 0.000000 0.707107
vn -0.707107 0.000000 0.707107
vn -0.707107 0.000000 0.707107
vn -0.707107 0.000000 0.707107
vn 0.707107 -0.707107 0.000000
vn 0.707107 -0.707107 0.000000
vn 0.707107 -0.707107 0.000000
vn 0.707107 -0.707107 0.000000
vn 0.707107 0.000000 0.707107
vn 0.707107 0.000000 0.707107
vn 0.707107 0.000000 0.707107
vn 0.707107 0.000000 0.707107
vn -0.707107 0.707107 0.000000
vn -0.707107 0.707107 0.000000
vn -0.707107 0.707107 0.000000
vn -0.707107 0.707107 0.000000
vn 0.000000 0.707107 0.707107
vn 0.000000 0.707107 0.707107
vn 0.000000 0.707107 0.707107
vn 0.000000 0.707107 0.707107
vn 0.707107 0.707107 0.000000
vn 0.707107 0.707107 0.000000
vn 0.707107 0.707107 0.000000
vn 0.707107 0.707107 0.000000
vn -0.707107 0.000000 -0.707107
vn -0.707107 0.000000 -0.707107
vn -0.707107 0.000000 -0.707107
vn -0.707107 0.000000 -0.707107
vn 0.000000 0.707107 -0.707107
vn 0.000000 0.707107 -0.707107
vn 0.000000 0.707107 -0.707107
vn 0.000000 0.707107 -0.707107
vn 0.707107 0.000000 -0.707107
vn 0.707107 0.000000 -0.707107
vn 0.707107 0.000000 -0.707107
vn 0.707107 0.000000 -0.707107
vn 0.000000 -0.707107 -0.707107
vn 0.000000 -0.707107 -0.707107
vn 0.000000 -0.707107 -0.707107
vn 0.000000 -0.707107 -0.707107
vn 0.000000 0.000000 1.000000
vn 0.000000 0.000000 1.000000
vn 0.000000 0.000000 1.000000
vn 0.000000 0.000000 1.000000
vn 0.000000 1.000000 0.000000
vn 0.000000 1.000000 0.000000
vn 0.000000 1.000000 0.000000
vn 0.000000 1.000000 0.000000
vn 0.000000 0.000000 -1.000000
vn 0.000000 0.000000 -1.000000
vn 0.000000 0.000000 -1.000000
vn 0.000000 0.000000 -1.000000
vn 0.000000 -1.000000 0.000000
vn 0.000000 -1.000000 0.000000
vn 0.000000 -1.000000 0.000000
vn 0.000000 -1.000000 0.000000
vn 1.000000 0.000000 0.000000
vn 1.000000 0.000000 0.000000
vn 1.000000 0.000000 0.000000
vn 1.000000 0.000000 0.000000
vn -1.000000 0.000000 0.000000
vn -1.000000 0.000000 0.000000
vn -1.000000 0.000000 0.000000
vn -1.000000 0.000000 0.000000
vn -0.577350 -0.577350 0.577350
vn -0.577350 -0.577350 0.577350
vn -0.577350 -0.577350 0.577350
vn 0.577350 -0.577350 0.577350
vn 0.577350 -0.577350 0.577350
vn 0.577350 -0.577350 0.577350
vn -0.577350 0.577350 0.577350
vn -0.577350 0.577350 0.577350
vn -0.577350 0.577350 0.577350
vn 0.577350 0.577350 0.577350
vn 0.577350 0.577350 0.577350
vn 0.577350 0.577350 0.577350
vn -0.577350 0.577350 -0.577350
vn -0.577350 0.577350 -0.577350
vn -0.577350 0.577350 -0.577350
vn 0.577350 0.577350 -0.577350
vn 0.577350 0.577350 -0.577350
vn 0.577350 0.577350 -0.577350
vn -0.577350 -0.577350 -0.577350
vn -0.577350 -0.577350 -0.577350
vn -0.577350 -0.577350 -0.577350
vn 0.577350 -0.577350 -0.577350
vn 0.577350 -0.577350 -0.577350
vn 0.577350 -0.577350 -0.577350
s off
g geo_grp axis_O_geo
usemtl lambert3SG
f 145/229/577 147/230/578 163/231/579 165/257/580
f 146/233/581 145/232/582 150/264/583 149/252/584
f 147/261/585 146/233/586 152/240/587 151/262/588
f 148/234/589 150/235/590 166/251/591 168/236/592
f 149/252/593 148/237/594 156/265/595 155/241/596
f 151/238/597 153/253/598 158/245/599 157/239/600
f 153/253/601 152/240/602 155/241/603 154/254/604
f 154/254/605 156/242/606 162/266/607 161/246/608
f 157/243/609 159/255/610 164/249/611 163/244/612
f 159/255/613 158/245/614 161/246/615 160/256/616
f 160/256/617 162/247/618 168/248/619 167/250/620
f 165/257/621 164/249/622 167/250/623 166/251/624
f 146/233/625 149/252/626 155/241/627 152/240/628
f 153/253/629 154/254/630 161/246/631 158/245/632
f 159/255/633 160/256/634 167/250/635 164/249/636
f 165/257/637 166/251/638 150/235/639 145/229/640
f 148/237/641 168/258/642 162/259/643 156/265/644
usemtl lambert5SG
f 163/260/645 147/261/646 151/262/647 157/263/648
usemtl lambert3SG
f 145/232/649 146/233/650 147/261/651
f 148/237/652 149/252/653 150/264/654
f 151/262/655 152/240/656 153/253/657
f 154/254/658 155/241/659 156/265/660
f 157/239/661 158/245/662 159/255/663
f 160/256/664 161/246/665 162/266/666
f 163/244/667 164/249/668 165/257/669
f 166/251/670 167/250/671 168/248/672
g default
v 0.563495 2.015000 -0.563495
v 0.563495 2.063495 -0.515000
v 0.515000 2.063495 -0.563495
v 1.485000 2.063495 -0.563495
v 1.436505 2.063495 -0.515000
v 1.436505 2.015000 -0.563495
v 0.515000 2.936505 -0.563495
v 0.563495 2.936505 -0.515000
v 0.563495 2.985000 -0.563495
v 1.436505 2.985000 -0.563495
v 1.436505 2.936505 -0.515000
v 1.485000 2.936505 -0.563495
v 0.515000 2.936505 -1.436505
v 0.563495 2.985000 -1.436505
v 0.563495 2.936505 -1.485000
v 1.436505 2.936505 -1.485000
v 1.436505 2.985000 -1.436505
v 1.485000 2.936505 -1.436505
v 0.515000 2.063495 -1.436505
v 0.563495 2.063495 -1.485000
v 0.563495 2.015000 -1.436505
v 1.436505 2.015000 -1.436505
v 1.436505 2.063495 -1.485000
v 1.485000 2.063495 -1.436505
vt 0.537310 0.803517
vt 0.534454 0.803517
vt 0.534454 0.752109
vt 0.537310 0.577896
vt 0.537310 0.580751
vt 0.591573 0.803517
vt 0.588718 0.803517
vt 0.591573 0.752109
vt 0.594429 0.580751
vt 0.534454 0.637870
vt 0.534454 0.689278
vt 0.537310 0.632159
vt 0.588718 0.632159
vt 0.591573 0.637870
vt 0.534454 0.694990
vt 0.534454 0.746398
vt 0.537310 0.689278
vt 0.588718 0.689278
vt 0.591573 0.694990
vt 0.591573 0.746398
vt 0.537310 0.746398
vt 0.588718 0.746398
vt 0.588718 0.752109
vt 0.588718 0.580751
vt 0.537310 0.637870
vt 0.588718 0.637870
vt 0.537310 0.694990
vt 0.588718 0.694990
vt 0.537310 0.752109
vt 0.645837 0.580751
vt 0.645837 0.632159
vt 0.480191 0.580751
vt 0.531599 0.580751
vt 0.531598 0.632159
vt 0.480191 0.632159
vt 0.588718 0.577896
vt 0.594429 0.632159
vt 0.591573 0.689278
vn -0.707107 -0.707107 0.000000
vn -0.707107 -0.707107 0.000000
vn -0.707107 -0.707107 0.000000
vn -0.707107 -0.707107 0.000000
vn 0.000000 -0.707107 0.707107
vn 0.000000 -0.707107 0.707107
vn 0.000000 -0.707107 0.707107
vn 0.000000 -0.707107 0.707107
vn -0.707107 0.000000 0.707107
vn -0.707107 0.000000 0.707107
vn -0.707107 0.000000 0.707107
vn -0.707107 0.000000 0.707107
vn 0.707107 -0.707107 0.000000
vn 0.707107 -0.707107 0.000000
vn 0.707107 -0.707107 0.000000
vn 0.707107 -0.707107 0.000000
vn 0.707107 0.000000 0.707107
vn 0.707107 0.000000 0.707107
vn 0.707107 0.000000 0.707107
vn 0.707107 0.000000 0.707107
vn -0.707107 0.707107 0.000000
vn -0.707107 0.707107 0.000000
vn -0.707107 0.707107 0.000000
vn -0.707107 0.707107 0.000000
vn 0.000000 0.707107 0.707107
vn 0.000000 0.707107 0.707107
vn 0.000000 0.707107 0.707107
vn 0.000000 0.707107 0.707107
vn 0.707107 0.707107 0.000000
vn 0.707107 0.707107 0.000000
vn 0.707107 0.707107 0.000000
vn 0.707107 0.707107 0.000000
vn -0.707107 0.000000 -0.707107
vn -0.707107 0.000000 -0.707107
vn -0.707107 0.000000 -0.707107
vn -0.707107 0.000000 -0.707107
vn 0.000000 0.707107 -0.707107
vn 0.000000 0.707107 -0.707107
vn 0.000000 0.707107 -0.707107
vn 0.000000 0.707107 -0.707107
vn 0.707107 0.000000 -0.707107
vn 0.707107 0.000000 -0.707107
vn 0.707107 0.000000 -0.707107
vn 0.707107 0.000000 -0.707107
vn 0.000000 -0.707107 -0.707107
vn 0.000000 -0.707107 -0.707107
vn 0.000000 -0.707107 -0.707107
vn 0.000000 -0.707107 -0.707107
vn 0.000000 0.000000 1.000000
vn 0.000000 0.000000 1.000000
vn 0.000000 0.000000 1.000000
vn 0.000000 0.000000 1.000000
vn 0.000000 1.000000 0.000000
vn 0.000000 1.000000 0.000000
vn 0.000000 1.000000 0.000000
vn 0.000000 1.000000 0.000000
vn 0.000000 0.000000 -1.000000
vn 0.000000 0.000000 -1.000000
vn 0.000000 0.000000 -1.000000
vn 0.000000 0.000000 -1.000000
vn 0.000000 -1.000000 0.000000
vn 0.000000 -1.000000 0.000000
vn 0.000000 -1.000000 0.000000
vn 0.000000 -1.000000 0.000000
vn 1.000000 0.000000 0.000000
vn 1.000000 0.000000 0.000000
vn 1.000000 0.000000 0.000000
vn 1.000000 0.000000 0.000000
vn -1.000000 0.000000 0.000000
vn -1.000000 0.000000 0.000000
vn -1.000000 0.000000 0.000000
vn -1.000000 0.000000 0.000000
vn -0.577350 -0.577350 0.577350
vn -0.577350 -0.577350 0.577350
vn -0.577350 -0.577350 0.577350
vn 0.577350 -0.577350 0.577350
vn 0.577350 -0.577350 0.577350
vn 0.577350 -0.577350 0.577350
vn -0.577350 0.577350 0.577350
vn -0.577350 0.577350 0.577350
vn -0.577350 0.577350 0.577350
vn 0.577350 0.577350 0.577350
vn 0.577350 0.577350 0.577350
vn 0.577350 0.577350 0.577350
vn -0.577350 0.577350 -0.577350
vn -0.577350 0.577350 -0.577350
vn -0.577350 0.577350 -0.577350
vn 0.577350 0.577350 -0.577350
vn 0.577350 0.577350 -0.577350
vn 0.577350 0.577350 -0.577350
vn -0.577350 -0.577350 -0.577350
vn -0.577350 -0.577350 -0.577350
vn -0.577350 -0.577350 -0.577350
vn 0.577350 -0.577350 -0.577350
vn 0.577350 -0.577350 -0.577350
vn 0.577350 -0.577350 -0.577350
s off
g geo_grp corner_GYR_geo
usemtl lambert3SG
f 169/267/673 171/268/674 187/269/675 189/295/676
f 170/271/677 169/270/678 174/302/679 173/290/680
f 171/299/681 170/271/682 176/278/683 175/300/684
f 172/272/685 174/273/686 190/289/687 192/274/688
f 173/290/689 172/275/690 180/303/691 179/279/692
f 175/276/693 177/291/694 182/283/695 181/277/696
f 177/291/697 176/278/698 179/279/699 178/292/700
f 178/292/701 180/280/702 186/304/703 185/284/704
f 181/281/705 183/293/706 188/287/707 187/282/708
f 183/293/709 182/283/710 185/284/711 184/294/712
f 184/294/713 186/285/714 192/286/715 191/288/716
f 189/295/717 188/287/718 191/288/719 190/289/720
f 170/271/721 173/290/722 179/279/723 176/278/724
usemtl lambert_greenSG
f 177/291/725 178/292/726 185/284/727 182/283/728
usemtl lambert4SG
f 183/293/729 184/294/730 191/288/731 188/287/732
usemtl lambert3SG
f 189/295/733 190/289/734 174/273/735 169/267/736
usemtl pasted__lambert_blueSG
f 172/275/737 192/296/738 186/297/739 180/303/740
usemtl lambert3SG
f 187/298/741 171/299/742 175/300/743 181/301/744
f 169/270/745 170/271/746 171/299/747
f 172/275/748 173/290/749 174/302/750
f 175/300/751 176/278/752 177/291/753
f 178/292/754 179/279/755 180/303/756
f 181/277/757 182/283/758 183/293/759
f 184/294/760 185/284/761 186/304/762
f 187/282/763 188/287/764 189/295/765
f 190/289/766 191/288/767 192/286/768
g default
v 0.563495 2.015000 1.436505
v 0.563495 2.063495 1.485000
v 0.515000 2.063495 1.436505
v 1.485000 2.063495 1.436505
v 1.436505 2.063495 1.485000
v 1.436505 2.015000 1.436505
v 0.515000 2.936505 1.436505
v 0.563495 2.936505 1.485000
v 0.563495 2.985000 1.436505
v 1.436505 2.985000 1.436505
v 1.436505 2.936505 1.485000
v 1.485000 2.936505 1.436505
v 0.515000 2.936505 0.563495
v 0.563495 2.985000 0.563495
v 0.563495 2.936505 0.515000
v 1.436505 2.936505 0.515000
v 1.436505 2.985000 0.563495
v 1.485000 2.936505 0.563495
v 0.515000 2.063495 0.563495
v 0.563495 2.063495 0.515000
v 0.563495 2.015000 0.563495
v 1.436505 2.015000 0.563495
v 1.436505 2.063495 0.515000
v 1.485000 2.063495 0.563495
vt 0.656436 0.699656
vt 0.653581 0.699656
vt 0.653581 0.648248
vt 0.656436 0.474035
vt 0.656436 0.476890
vt 0.710700 0.699656
vt 0.707844 0.699656
vt 0.710700 0.648248
vt 0.713555 0.476890
vt 0.653581 0.534010
vt 0.653581 0.585418
vt 0.656436 0.528298
vt 0.707844 0.528298
vt 0.710700 0.534010
vt 0.653581 0.591129
vt 0.653581 0.642537
vt 0.656436 0.585418
vt 0.707844 0.585418
vt 0.710700 0.591129
vt 0.710700 0.642537
vt 0.656436 0.642537
vt 0.707844 0.642537
vt 0.707844 0.648248
vt 0.707844 0.476890
vt 0.656436 0.534010
vt 0.707844 0.534010
vt 0.656436 0.591129
vt 0.707844 0.591129
vt 0.656436 0.648248
vt 0.764963 0.476890
vt 0.764963 0.528298
vt 0.599317 0.476890
vt 0.650725 0.476890
vt 0.650725 0.528298
vt 0.599317 0.528298
vt 0.707844 0.474035
vt 0.713555 0.528298
vt 0.710700 0.585418
vn -0.707107 -0.707107 0.000000
vn -0.707107 -0.707107 0.000000
vn -0.707107 -0.707107 0.000000
vn -0.707107 -0.707107 0.000000
vn 0.000000 -0.707107 0.707107
vn 0.000000 -0.707107 0.707107
vn 0.000000 -0.707107 0.707107
vn 0.000000 -0.707107 0.707107
vn -0.707107 0.000000 0.707107
vn -0.707107 0.000000 0.707107
vn -0.707107 0.000000 0.707107
vn -0.707107 0.000000 0.707107
vn 0.707107 -0.707107 0.000000
vn 0.707107 -0.707107 0.000000
vn 0.707107 -0.707107 0.000000
vn 0.707107 -0.707107 0.000000
vn 0.707107 0.000000 0.707107
vn 0.707107 0.000000 0.707107
vn 0.707107 0.000000 0.707107
vn 0.707107 0.000000 0.707107
vn -0.707107 0.707107 0.000000
vn -0.707107 0.707107 0.000000
vn -0.707107 0.707107 0.000000
vn -0.707107 0.707107 0.000000
vn 0.000000 0.707107 0.707107
vn 0.000000 0.707107 0.707107
vn 0.000000 0.707107 0.707107
vn 0.000000 0.707107 0.707107
vn 0.707107 0.707107 0.000000
vn 0.707107 0.707107 0.000000
vn 0.707107 0.707107 0.000000
vn 0.707107 0.707107 0.000000
vn -0.707107 0.000000 -0.707107
vn -0.707107 0.000000 -0.707107
vn -0.707107 0.000000 -0.707107
vn -0.707107 0.000000 -0.707107
vn 0.000000 0.707107 -0.707107
vn 0.000000 0.707107 -0.707107
vn 0.000000 0.707107 -0.707107
vn 0.000000 0.707107 -0.707107
vn 0.707107 0.000000 -0.707107
vn 0.707107 0.000000 -0.707107
vn 0.707107 0.000000 -0.707107
vn 0.707107 0.000000 -0.707107
vn 0.000000 -0.707107 -0.707107
vn 0.000000 -0.707107 -0.707107
vn 0.000000 -0.707107 -0.707107
vn 0.000000 -0.707107 -0.707107
vn 0.000000 0.000000 1.000000
vn 0.000000 0.000000 1.000000
vn 0.000000 0.000000 1.000000
vn 0.000000 0.000000 1.000000
vn 0.000000 1.000000 0.000000
vn 0.000000 1.000000 0.000000
vn 0.000000 1.000000 0.000000
vn 0.000000 1.000000 0.000000
vn 0.000000 0.000000 -1.000000
vn 0.000000 0.000000 -1.000000
vn 0.000000 0.000000 -1.000000
vn 0.000000 0.000000 -1.000000
vn 0.000000 -1.000000 0.000000
vn 0.000000 -1.000000 0.000000
vn 0.000000 -1.000000 0.000000
vn 0.000000 -1.000000 0.000000
vn 1.000000 0.000000 0.000000
vn 1.000000 0.000000 0.000000
vn 1.000000 0.000000 0.000000
vn 1.000000 0.000000 0.000000
vn -1.000000 0.000000 0.000000
vn -1.000000 0.000000 0.000000
vn -1.000000 0.000000 0.000000
vn -1.000000 0.000000 0.000000
vn -0.577350 -0.577350 0.577350
vn -0.577350 -0.577350 0.577350
vn -0.577350 -0.577350 0.577350
vn 0.577350 -0.577350 0.577350
vn 0.577350 -0.577350 0.577350
vn 0.577350 -0.577350 0.577350
vn -0.577350 0.577350 0.577350
vn -0.577350 0.577350 0.577350
vn -0.577350 0.577350 0.577350
vn 0.577350 0.577350 0.577350
vn 0.577350 0.577350 0.577350
vn 0.577350 0.577350 0.577350
vn -0.577350 0.577350 -0.577350
vn -0.577350 0.577350 -0.577350
vn -0.577350 0.577350 -0.577350
vn 0.577350 0.577350 -0.577350
vn 0.577350 0.577350 -0.577350
vn 0.577350 0.577350 -0.577350
vn -0.577350 -0.577350 -0.577350
vn -0.577350 -0.577350 -0.577350
vn -0.577350 -0.577350 -0.577350
vn 0.577350 -0.577350 -0.577350
vn 0.577350 -0.577350 -0.577350
vn 0.577350 -0.577350 -0.577350
s off
g geo_grp corner_BYR_geo
usemtl lambert3SG
f 193/305/769 195/306/770 211/307/771 213/333/772
f 194/309/773 193/308/774 198/340/775 197/328/776
f 195/337/777 194/309/778 200/316/779 199/338/780
f 196/310/781 198/311/782 214/327/783 216/312/784
f 197/328/785 196/313/786 204/341/787 203/317/788
f 199/314/789 201/329/790 206/321/791 205/315/792
f 201/329/793 200/316/794 203/317/795 202/330/796
f 202/330/797 204/318/798 210/342/799 209/322/800
f 205/319/801 207/331/802 212/325/803 211/320/804
f 207/331/805 206/321/806 209/322/807 208/332/808
f 208/332/809 210/323/810 216/324/811 215/326/812
f 213/333/813 212/325/814 215/326/815 214/327/816
usemtl lambert2SG
f 194/309/817 197/328/818 203/317/819 200/316/820
usemtl lambert_greenSG
f 201/329/821 202/330/822 209/322/823 206/321/824
usemtl lambert3SG
f 207/331/825 208/332/826 215/326/827 212/325/828
f 213/333/829 214/327/830 198/311/831 193/305/832
usemtl pasted__lambert_blueSG
f 196/313/833 216/334/834 210/335/835 204/341/836
usemtl lambert3SG
f 211/336/837 195/337/838 199/338/839 205/339/840
f 193/308/841 194/309/842 195/337/843
f 196/313/844 197/328/845 198/340/846
f 199/338/847 200/316/848 201/329/849
f 202/330/850 203/317/851 204/341/852
f 205/315/853 206/321/854 207/331/855
f 208/332/856 209/322/857 210/342/858
f 211/320/859 212/325/860 213/333/861
f 214/327/862 215/326/863 216/324/864
g default
v -1.436505 2.015000 1.436505
v -1.436505 2.063495 1.485000
v -1.485000 2.063495 1.436505
v -0.515000 2.063495 1.436505
v -0.563495 2.063495 1.485000
v -0.563495 2.015000 1.436505
v -1.485000 2.936505 1.436505
v -1.436505 2.936505 1.485000
v -1.436505 2.985000 1.436505
v -0.563495 2.985000 1.436505
v -0.563495 2.936505 1.485000
v -0.515000 2.936505 1.436505
v -1.485000 2.936505 0.563495
v -1.436505 2.985000 0.563495
v -1.436505 2.936505 0.515000
v -0.563495 2.936505 0.515000
v -0.563495 2.985000 0.563495
v -0.515000 2.936505 0.563495
v -1.485000 2.063495 0.563495
v -1.436505 2.063495 0.515000
v -1.436505 2.015000 0.563495
v -0.563495 2.015000 0.563495
v -0.563495 2.063495 0.515000
v -0.515000 2.063495 0.563495
vt 0.194226 0.752109
vt 0.191370 0.752109
vt 0.191370 0.700701
vt 0.194226 0.526488
vt 0.194226 0.529343
vt 0.248489 0.752109
vt 0.245634 0.752109
vt 0.248489 0.700701
vt 0.251345 0.529343
vt 0.191370 0.586463
vt 0.191370 0.637871
vt 0.194226 0.580751
vt 0.245634 0.580751
vt 0.248489 0.586463
vt 0.191370 0.643582
vt 0.191370 0.694990
vt 0.194226 0.637871
vt 0.245634 0.637871
vt 0.248489 0.643582
vt 0.248489 0.694990
vt 0.194226 0.694990
vt 0.245634 0.694990
vt 0.245634 0.700701
vt 0.245634 0.529343
vt 0.194226 0.586463
vt 0.245634 0.586463
vt 0.194226 0.643582
vt 0.245634 0.643582
vt 0.194226 0.700701
vt 0.302753 0.529343
vt 0.302753 0.580751
vt 0.137107 0.529343
vt 0.188515 0.529343
vt 0.188515 0.580751
vt 0.137107 0.580751
vt 0.245634 0.526488
vt 0.251345 0.580751
vt 0.248489 0.637871
vn -0.707107 -0.707107 0.000000
vn -0.707107 -0.707107 0.000000
vn -0.707107 -0.707107 0.000000
vn -0.707107 -0.707107 0.000000
vn 0.000000 -0.707107 0.707107
vn 0.000000 -0.707107 0.707107
vn 0.000000 -0.707107 0.707107
vn 0.000000 -0.707107 0.707107
vn -0.707107 0.000000 0.707107
vn -0.707107 0.000000 0.707107
vn -0.707107 0.000000 0.707107
vn -0.707107 0.000000 0.707107
vn 0.707107 -0.707107 0.000000
vn 0.707107 -0.707107 0.000000
vn 0.707107 -0.707107 0.000000
vn 0.707107 -0.707107 0.000000
vn 0.707107 0.000000 0.707107
vn 0.707107 0.000000 0.707107
vn 0.707107 0.000000 0.707107
vn 0.707107 0.000000 0.707107
vn -0.707107 0.707107 0.000000
vn -0.707107 0.707107 0.000000
vn -0.707107 0.707107 0.000000
vn -0.707107 0.707107 0.000000
vn 0.000000 0.707107 0.707107
vn 0.000000 0.707107 0.707107
vn 0.000000 0.707107 0.707107
vn 0.000000 0.707107 0.707107
vn 0.707107 0.707107 0.000000
vn 0.707107 0.707107 0.000000
vn 0.707107 0.707107 0.000000
vn 0.707107 0.707107 0.000000
vn -0.707107 0.000000 -0.707107
vn -0.707107 0.000000 -0.707107
vn -0.707107 0.000000 -0.707107
vn -0.707107 0.000000 -0.707107
vn 0.000000 0.707107 -0.707107
vn 0.000000 0.707107 -0.707107
vn 0.000000 0.707107 -0.707107
vn 0.000000 0.707107 -0.707107
vn 0.707107 0.000000 -0.707107
vn 0.707107 0.000000 -0.707107
vn 0.707107 0.000000 -0.707107
vn 0.707107 0.000000 -0.707107
vn 0.000000 -0.707107 -0.707107
vn 0.000000 -0.707107 -0.707107
vn 0.000000 -0.707107 -0.707107
vn 0.000000 -0.707107 -0.707107
vn 0.000000 0.000000 1.000000
vn 0.000000 0.000000 1.000000
vn 0.000000 0.000000 1.000000
vn 0.000000 0.000000 1.000000
vn 0.000000 1.000000 0.000000
vn 0.000000 1.000000 0.000000
vn 0.000000 1.000000 0.000000
vn 0.000000 1.000000 0.000000
vn 0.000000 0.000000 -1.000000
vn 0.000000 0.000000 -1.000000
vn 0.000000 0.000000 -1.000000
vn 0.000000 0.000000 -1.000000
vn 0.000000 -1.000000 0.000000
vn 0.000000 -1.000000 0.000000
vn 0.000000 -1.000000 0.000000
vn 0.000000 -1.000000 0.000000
vn 1.000000 0.000000 0.000000
vn 1.000000 0.000000 0.000000
vn 1.000000 0.000000 0.000000
vn 1.000000 0.000000 0.000000
vn -1.000000 0.000000 0.000000
vn -1.000000 0.000000 0.000000
vn -1.000000 0.000000 0.000000
vn -1.000000 0.000000 0.000000
vn -0.577350 -0.577350 0.577350
vn -0.577350 -0.577350 0.577350
vn -0.577350 -0.577350 0.577350
vn 0.577350 -0.577350 0.577350
vn 0.577350 -0.577350 0.577350
vn 0.577350 -0.577350 0.577350
vn -0.577350 0.577350 0.577350
vn -0.577350 0.577350 0.577350
vn -0.577350 0.577350 0.577350
vn 0.577350 0.577350 0.577350
vn 0.577350 0.577350 0.577350
vn 0.577350 0.577350 0.577350
vn -0.577350 0.577350 -0.577350
vn -0.577350 0.577350 -0.577350
vn -0.577350 0.577350 -0.577350
vn 0.577350 0.577350 -0.577350
vn 0.577350 0.577350 -0.577350
vn 0.577350 0.577350 -0.577350
vn -0.577350 -0.577350 -0.577350
vn -0.577350 -0.577350 -0.577350
vn -0.577350 -0.577350 -0.577350
vn 0.577350 -0.577350 -0.577350
vn 0.577350 -0.577350 -0.577350
vn 0.577350 -0.577350 -0.577350
s off
g geo_grp corner_BYO_geo
usemtl lambert3SG
f 217/343/865 219/344/866 235/345/867 237/371/868
f 218/347/869 217/346/870 222/378/871 221/366/872
f 219/375/873 218/347/874 224/354/875 223/376/876
f 220/348/877 222/349/878 238/365/879 240/350/880
f 221/366/881 220/351/882 228/379/883 227/355/884
f 223/352/885 225/367/886 230/359/887 229/353/888
f 225/367/889 224/354/890 227/355/891 226/368/892
f 226/368/893 228/356/894 234/380/895 233/360/896
f 229/357/897 231/369/898 236/363/899 235/358/900
f 231/369/901 230/359/902 233/360/903 232/370/904
f 232/370/905 234/361/906 240/362/907 239/364/908
f 237/371/909 236/363/910 239/364/911 238/365/912
usemtl lambert2SG
f 218/347/913 221/366/914 227/355/915 224/354/916
usemtl lambert_greenSG
f 225/367/917 226/368/918 233/360/919 230/359/920
usemtl lambert3SG
f 231/369/921 232/370/922 239/364/923 236/363/924
f 237/371/925 238/365/926 222/349/927 217/343/928
f 220/351/929 240/372/930 234/373/931 228/379/932
usemtl lambert5SG
f 235/374/933 219/375/934 223/376/935 229/377/936
usemtl lambert3SG
f 217/346/937 218/347/938 219/375/939
f 220/351/940 221/366/941 222/378/942
f 223/376/943 224/354/944 225/367/945
f 226/368/946 227/355/947 228/379/948
f 229/353/949 230/359/950 231/369/951
f 232/370/952 233/360/953 234/380/954
f 235/358/955 236/363/956 237/371/957
f 238/365/958 239/364/959 240/362/960
g default
v -1.436505 2.015000 -0.563495
v -1.436505 2.063495 -0.515000
v -1.485000 2.063495 -0.563495
v -0.515000 2.063495 -0.563495
v -0.563495 2.063495 -0.515000
v -0.563495 2.015000 -0.563495
v -1.485000 2.936505 -0.563495
v -1.436505 2.936505 -0.515000
v -1.436505 2.985000 -0.563495
v -0.563495 2.985000 -0.563495
v -0.563495 2.936505 -0.515000
v -0.515000 2.936505 -0.563495
v -1.485000 2.936505 -1.436505
v -1.436505 2.985000 -1.436505
v -1.436505 2.936505 -1.485000
v -0.563495 2.936505 -1.485000
v -0.563495 2.985000 -1.436505
v -0.515000 2.936505 -1.436505
v -1.485000 2.063495 -1.436505
v -1.436505 2.063495 -1.485000
v -1.436505 2.015000 -1.436505
v -0.563495 2.015000 -1.436505
v -0.563495 2.063495 -1.485000
v -0.515000 2.063495 -1.436505
vt 0.308587 0.474035
vt 0.305732 0.474035
vt 0.305732 0.422627
vt 0.308587 0.248413
vt 0.308587 0.251269
vt 0.362851 0.474035
vt 0.359995 0.474035
vt 0.362851 0.422627
vt 0.365706 0.251269
vt 0.305732 0.308388
vt 0.305732 0.359796
vt 0.308587 0.302677
vt 0.359995 0.302677
vt 0.362851 0.308388
vt 0.305732 0.365508
vt 0.305732 0.416916
vt 0.308587 0.359796
vt 0.359995 0.359796
vt 0.362851 0.365508
vt 0.362851 0.416916
vt 0.308587 0.416916
vt 0.359995 0.416916
vt 0.359995 0.422627
vt 0.359995 0.251269
vt 0.308587 0.308388
vt 0.359995 0.308388
vt 0.308587 0.365508
vt 0.359995 0.365508
vt 0.308587 0.422627
vt 0.417114 0.251269
vt 0.417114 0.302677
vt 0.251468 0.251269
vt 0.302876 0.251269
vt 0.302876 0.302677
vt 0.251468 0.302677
vt 0.359995 0.248413
vt 0.365706 0.302677
vt 0.362851 0.359796
vn -0.707107 -0.707107 0.000000
vn -0.707107 -0.707107 0.000000
vn -0.707107 -0.707107 0.000000
vn -0.707107 -0.707107 0.000000
vn 0.000000 -0.707107 0.707107
vn 0.000000 -0.707107 0.707107
vn 0.000000 -0.707107 0.707107
vn 0.000000 -0.707107 0.707107
vn -0.707107 0.000000 0.707107
vn -0.707107 0.000000 0.707107
vn -0.707107 0.000000 0.707107
vn -0.707107 0.000000 0.707107
vn 0.707107 -0.707107 0.000000
vn 0.707107 -0.707107 0.000000
vn 0.707107 -0.707107 0.000000
vn 0.707107 -0.707107 0.000000
vn 0.707107 0.000000 0.707107
vn 0.707107 0.000000 0.707107
vn 0.707107 0.000000 0.707107
vn 0.707107 0.000000 0.707107
vn -0.707107 0.707107 0.000000
vn -0.707107 0.707107 0.000000
vn -0.707107 0.707107 0.000000
vn -0.707107 0.707107 0.000000
vn 0.000000 0.707107 0.707107
vn 0.000000 0.707107 0.707107
vn 0.000000 0.707107 0.707107
vn 0.000000 0.707107 0.707107
vn 0.707107 0.707107 0.000000
vn 0.707107 0.707107 0.000000
vn 0.707107 0.707107 0.000000
vn 0.707107 0.707107 0.000000
vn -0.707107 0.000000 -0.707107
vn -0.707107 0.000000 -0.707107
vn -0.707107 0.000000 -0.707107
vn -0.707107 0.000000 -0.707107
vn 0.000000 0.707107 -0.707107
vn 0.000000 0.707107 -0.707107
vn 0.000000 0.707107 -0.707107
vn 0.000000 0.707107 -0.707107
vn 0.707107 0.000000 -0.707107
vn 0.707107 0.000000 -0.707107
vn 0.707107 0.000000 -0.707107
vn 0.707107 0.000000 -0.707107
vn 0.000000 -0.707107 -0.707107
vn 0.000000 -0.707107 -0.707107
vn 0.000000 -0.707107 -0.707107
vn 0.000000 -0.707107 -0.707107
vn 0.000000 0.000000 1.000000
vn 0.000000 0.000000 1.000000
vn 0.000000 0.000000 1.000000
vn 0.000000 0.000000 1.000000
vn 0.000000 1.000000 0.000000
vn 0.000000 1.000000 0.000000
vn 0.000000 1.000000 0.000000
vn 0.000000 1.000000 0.000000
vn 0.000000 0.000000 -1.000000
vn 0.000000 0.000000 -1.000000
vn 0.000000 0.000000 -1.000000
vn 0.000000 0.000000 -1.000000
vn 0.000000 -1.000000 0.000000
vn 0.000000 -1.000000 0.000000
vn 0.000000 -1.000000 0.000000
vn 0.000000 -1.000000 0.000000
vn 1.000000 0.000000 0.000000
vn 1.000000 0.000000 0.000000
vn 1.000000 0.000000 0.000000
vn 1.000000 0.000000 0.000000
vn -1.000000 0.000000 0.000000
vn -1.000000 0.000000 0.000000
vn -1.000000 0.000000 0.000000
vn -1.000000 0.000000 0.000000
vn -0.577350 -0.577350 0.577350
vn -0.577350 -0.577350 0.577350
vn -0.577350 -0.577350 0.577350
vn 0.577350 -0.577350 0.577350
vn 0.577350 -0.577350 0.577350
vn 0.577350 -0.577350 0.577350
vn -0.577350 0.577350 0.577350
vn -0.577350 0.577350 0.577350
vn -0.577350 0.577350 0.577350
vn 0.577350 0.577350 0.577350
vn 0.577350 0.577350 0.577350
vn 0.577350 0.577350 0.577350
vn -0.577350 0.577350 -0.577350
vn -0.577350 0.577350 -0.577350
vn -0.577350 0.577350 -0.577350
vn 0.577350 0.577350 -0.577350
vn 0.577350 0.577350 -0.577350
vn 0.577350 0.577350 -0.577350
vn -0.577350 -0.577350 -0.577350
vn -0.577350 -0.577350 -0.577350
vn -0.577350 -0.577350 -0.577350
vn 0.577350 -0.577350 -0.577350
vn 0.577350 -0.577350 -0.577350
vn 0.577350 -0.577350 -0.577350
s off
g geo_grp corner_GOY_geo
usemtl lambert3SG
f 241/381/961 243/382/962 259/383/963 261/409/964
f 242/385/965 241/384/966 246/416/967 245/404/968
f 243/413/969 242/385/970 248/392/971 247/414/972
f 244/386/973 246/387/974 262/403/975 264/388/976
f 245/404/977 244/389/978 252/417/979 251/393/980
f 247/390/981 249/405/982 254/397/983 253/391/984
f 249/405/985 248/392/986 251/393/987 250/406/988
f 250/406/989 252/394/990 258/418/991 257/398/992
f 253/395/993 255/407/994 260/401/995 259/396/996
f 255/407/997 254/397/998 257/398/999 256/408/1000
f 256/408/1001 258/399/1002 264/400/1003 263/402/1004
f 261/409/1005 260/401/1006 263/402/1007 262/403/1008
f 242/385/1009 245/404/1010 251/393/1011 248/392/1012
usemtl lambert_greenSG
f 249/405/1013 250/406/1014 257/398/1015 254/397/1016
usemtl lambert4SG
f 255/407/1017 256/408/1018 263/402/1019 260/401/1020
usemtl lambert3SG
f 261/409/1021 262/403/1022 246/387/1023 241/381/1024
f 244/389/1025 264/410/1026 258/411/1027 252/417/1028
usemtl lambert5SG
f 259/412/1029 243/413/1030 247/414/1031 253/415/1032
usemtl lambert3SG
f 241/384/1033 242/385/1034 243/413/1035
f 244/389/1036 245/404/1037 246/416/1038
f 247/414/1039 248/392/1040 249/405/1041
f 250/406/1042 251/393/1043 252/417/1044
f 253/391/1045 254/397/1046 255/407/1047
f 256/408/1048 257/398/1049 258/418/1050
f 259/396/1051 260/401/1052 261/409/1053
f 262/403/1054 263/402/1055 264/400/1056
g default
v -1.436505 0.015000 1.436505
v -1.436505 0.063495 1.485000
v -1.485000 0.063495 1.436505
v -0.515000 0.063495 1.436505
v -0.563495 0.063495 1.485000
v -0.563495 0.015000 1.436505
v -1.485000 0.936505 1.436505
v -1.436505 0.936505 1.485000
v -1.436505 0.985000 1.436505
v -0.563495 0.985000 1.436505
v -0.563495 0.936505 1.485000
v -0.515000 0.936505 1.436505
v -1.485000 0.936505 0.563495
v -1.436505 0.985000 0.563495
v -1.436505 0.936505 0.515000
v -0.563495 0.936505 0.515000
v -0.563495 0.985000 0.563495
v -0.515000 0.936505 0.563495
v -1.485000 0.063495 0.563495
v -1.436505 0.063495 0.515000
v -1.436505 0.015000 0.563495
v -0.563495 0.015000 0.563495
v -0.563495 0.063495 0.515000
v -0.515000 0.063495 0.563495
vt 0.770797 0.300344
vt 0.767942 0.300344
vt 0.767942 0.248936
vt 0.770797 0.074722
vt 0.770797 0.077578
vt 0.825061 0.300344
vt 0.822205 0.300344
vt 0.825061 0.248936
vt 0.827917 0.077578
vt 0.767942 0.134697
vt 0.767942 0.186105
vt 0.770797 0.128986
vt 0.822205 0.128986
vt 0.825061 0.134697
vt 0.767942 0.191817
vt 0.767942 0.243225
vt 0.770797 0.186105
vt 0.822205 0.186105
vt 0.825061 0.191817
vt 0.825061 0.243225
vt 0.770797 0.243225
vt 0.822205 0.243224
vt 0.822205 0.248936
vt 0.822205 0.077578
vt 0.770797 0.134697
vt 0.822205 0.134697
vt 0.770797 0.191817
vt 0.822205 0.191817
vt 0.770797 0.248936
vt 0.879325 0.077578
vt 0.879325 0.128986
vt 0.713678 0.077578
vt 0.765086 0.077578
vt 0.765086 0.128986
vt 0.713678 0.128986
vt 0.822205 0.074722
vt 0.827917 0.128986
vt 0.825061 0.186105
vn -0.707107 -0.707107 0.000000
vn -0.707107 -0.707107 0.000000
vn -0.707107 -0.707107 0.000000
vn -0.707107 -0.707107 0.000000
vn 0.000000 -0.707107 0.707107
vn 0.000000 -0.707107 0.707107
vn 0.000000 -0.707107 0.707107
vn 0.000000 -0.707107 0.707107
vn -0.707107 0.000000 0.707107
vn -0.707107 0.000000 0.707107
vn -0.707107 0.000000 0.707107
vn -0.707107 0.000000 0.707107
vn 0.707107 -0.707107 0.000000
vn 0.707107 -0.707107 0.000000
vn 0.707107 -0.707107 0.000000
vn 0.707107 -0.707107 0.000000
vn 0.707107 0.000000 0.707107
vn 0.707107 0.000000 0.707107
vn 0.707107 0.000000 0.707107
vn 0.707107 0.000000 0.707107
vn -0.707107 0.707107 0.000000
vn -0.707107 0.707107 0.000000
vn -0.707107 0.707107 0.000000
vn -0.707107 0.707107 0.000000
vn 0.000000 0.707107 0.707107
vn 0.000000 0.707107 0.707107
vn 0.000000 0.707107 0.707107
vn 0.000000 0.707107 0.707107
vn 0.707107 0.707107 0.000000
vn 0.707107 0.707107 0.000000
vn 0.707107 0.707107 0.000000
vn 0.707107 0.707107 0.000000
vn -0.707107 0.000000 -0.707107
vn -0.707107 0.000000 -0.707107
vn -0.707107 0.000000 -0.707107
vn -0.707107 0.000000 -0.707107
vn 0.000000 0.707107 -0.707107
vn 0.000000 0.707107 -0.707107
vn 0.000000 0.707107 -0.707107
vn 0.000000 0.707107 -0.707107
vn 0.707107 0.000000 -0.707107
vn 0.707107 0.000000 -0.707107
vn 0.707107 0.000000 -0.707107
vn 0.707107 0.000000 -0.707107
vn 0.000000 -0.707107 -0.707107
vn 0.000000 -0.707107 -0.707107
vn 0.000000 -0.707107 -0.707107
vn 0.000000 -0.707107 -0.707107
vn 0.000000 0.000000 1.000000
vn 0.000000 0.000000 1.000000
vn 0.000000 0.000000 1.000000
vn 0.000000 0.000000 1.000000
vn 0.000000 1.000000 0.000000
vn 0.000000 1.000000 0.000000
vn 0.000000 1.000000 0.000000
vn 0.000000 1.000000 0.000000
vn 0.000000 0.000000 -1.000000
vn 0.000000 0.000000 -1.000000
vn 0.000000 0.000000 -1.000000
vn 0.000000 0.000000 -1.000000
vn 0.000000 -1.000000 0.000000
vn 0.000000 -1.000000 0.000000
vn 0.000000 -1.000000 0.000000
vn 0.000000 -1.000000 0.000000
vn 1.000000 0.000000 0.000000
vn 1.000000 0.000000 0.000000
vn 1.000000 0.000000 0.000000
vn 1.000000 0.000000 0.000000
vn -1.000000 0.000000 0.000000
vn -1.000000 0.000000 0.000000
vn -1.000000 0.000000 0.000000
vn -1.000000 0.000000 0.000000
vn -0.577350 -0.577350 0.577350
vn -0.577350 -0.577350 0.577350
vn -0.577350 -0.577350 0.577350
vn 0.577350 -0.577350 0.577350
vn 0.577350 -0.577350 0.577350
vn 0.577350 -0.577350 0.577350
vn -0.577350 0.577350 0.577350
vn -0.577350 0.577350 0.577350
vn -0.577350 0.577350 0.577350
vn 0.577350 0.577350 0.577350
vn 0.577350 0.577350 0.577350
vn 0.577350 0.577350 0.577350
vn -0.577350 0.577350 -0.577350
vn -0.577350 0.577350 -0.577350
vn -0.577350 0.577350 -0.577350
vn 0.577350 0.577350 -0.577350
vn 0.577350 0.577350 -0.577350
vn 0.577350 0.577350 -0.577350
vn -0.577350 -0.577350 -0.577350
vn -0.577350 -0.577350 -0.577350
vn -0.577350 -0.577350 -0.577350
vn 0.577350 -0.577350 -0.577350
vn 0.577350 -0.577350 -0.577350
vn 0.577350 -0.577350 -0.577350
s off
g geo_grp corner_BOW_geo
usemtl lambert3SG
f 265/419/1057 267/420/1058 283/421/1059 285/447/1060
f 266/423/1061 265/422/1062 270/454/1063 269/442/1064
f 267/451/1065 266/423/1066 272/430/1067 271/452/1068
f 268/424/1069 270/425/1070 286/441/1071 288/426/1072
f 269/442/1073 268/427/1074 276/455/1075 275/431/1076
f 271/428/1077 273/443/1078 278/435/1079 277/429/1080
f 273/443/1081 272/430/1082 275/431/1083 274/444/1084
f 274/444/1085 276/432/1086 282/456/1087 281/436/1088
f 277/433/1089 279/445/1090 284/439/1091 283/434/1092
f 279/445/1093 278/435/1094 281/436/1095 280/446/1096
f 280/446/1097 282/437/1098 288/438/1099 287/440/1100
f 285/447/1101 284/439/1102 287/440/1103 286/441/1104
usemtl lambert2SG
f 266/423/1105 269/442/1106 275/431/1107 272/430/1108
usemtl lambert3SG
f 273/443/1109 274/444/1110 281/436/1111 278/435/1112
f 279/445/1113 280/446/1114 287/440/1115 284/439/1116
usemtl lambert6SG
f 285/447/1117 286/441/1118 270/425/1119 265/419/1120
usemtl lambert3SG
f 268/427/1121 288/448/1122 282/449/1123 276/455/1124
usemtl lambert5SG
f 283/450/1125 267/451/1126 271/452/1127 277/453/1128
usemtl lambert3SG
f 265/422/1129 266/423/1130 267/451/1131
f 268/427/1132 269/442/1133 270/454/1134
f 271/452/1135 272/430/1136 273/443/1137
f 274/444/1138 275/431/1139 276/455/1140
f 277/429/1141 278/435/1142 279/445/1143
f 280/446/1144 281/436/1145 282/456/1146
f 283/434/1147 284/439/1148 285/447/1149
f 286/441/1150 287/440/1151 288/438/1152
g default
v -1.436505 0.015000 -0.563495
v -1.436505 0.063495 -0.515000
v -1.485000 0.063495 -0.563495
v -0.515000 0.063495 -0.563495
v -0.563495 0.063495 -0.515000
v -0.563495 0.015000 -0.563495
v -1.485000 0.936505 -0.563495
v -1.436505 0.936505 -0.515000
v -1.436505 0.985000 -0.563495
v -0.563495 0.985000 -0.563495
v -0.563495 0.936505 -0.515000
v -0.515000 0.936505 -0.563495
v -1.485000 0.936505 -1.436505
v -1.436505 0.985000 -1.436505
v -1.436505 0.936505 -1.485000
v -0.563495 0.936505 -1.485000
v -0.563495 0.985000 -1.436505
v -0.515000 0.936505 -1.436505
v -1.485000 0.063495 -1.436505
v -1.436505 0.063495 -1.485000
v -1.436505 0.015000 -1.436505
v -0.563495 0.015000 -1.436505
v -0.563495 0.063495 -1.485000
v -0.515000 0.063495 -1.436505
vt 0.422948 0.977208
vt 0.420093 0.977208
vt 0.420093 0.925800
vt 0.422948 0.751587
vt 0.422948 0.754442
vt 0.477212 0.977208
vt 0.474356 0.977208
vt 0.477212 0.925800
vt 0.480068 0.754442
vt 0.420093 0.811562
vt 0.420093 0.862969
vt 0.422948 0.805850
vt 0.474356 0.805850
vt 0.477212 0.811562
vt 0.420093 0.868681
vt 0.420093 0.920089
vt 0.422948 0.862969
vt 0.474356 0.862969
vt 0.477212 0.868681
vt 0.477212 0.920089
vt 0.422948 0.920089
vt 0.474356 0.920089
vt 0.474356 0.925800
vt 0.474356 0.754442
vt 0.422948 0.811562
vt 0.474356 0.811562
vt 0.422948 0.868681
vt 0.474356 0.868681
vt 0.422948 0.925800
vt 0.531476 0.754442
vt 0.531476 0.805850
vt 0.365829 0.754442
vt 0.417237 0.754442
vt 0.417237 0.805850
vt 0.365829 0.805850
vt 0.474356 0.751587
vt 0.480068 0.805850
vt 0.477212 0.862969
vn -0.707107 -0.707107 0.000000
vn -0.707107 -0.707107 0.000000
vn -0.707107 -0.707107 0.000000
vn -0.707107 -0.707107 0.000000
vn 0.000000 -0.707107 0.707107
vn 0.000000 -0.707107 0.707107
vn 0.000000 -0.707107 0.707107
vn 0.000000 -0.707107 0.707107
vn -0.707107 0.000000 0.707107
vn -0.707107 0.000000 0.707107
vn -0.707107 0.000000 0.707107
vn -0.707107 0.000000 0.707107
vn 0.707107 -0.707107 0.000000
vn 0.707107 -0.707107 0.000000
vn 0.707107 -0.707107 0.000000
vn 0.707107 -0.707107 0.000000
vn 0.707107 0.000000 0.707107
vn 0.707107 0.000000 0.707107
vn 0.707107 0.000000 0.707107
vn 0.707107 0.000000 0.707107
vn -0.707107 0.707107 0.000000
vn -0.707107 0.707107 0.000000
vn -0.707107 0.707107 0.000000
vn -0.707107 0.707107 0.000000
vn 0.000000 0.707107 0.707107
vn 0.000000 0.707107 0.707107
vn 0.000000 0.707107 0.707107
vn 0.000000 0.707107 0.707107
vn 0.707107 0.707107 0.000000
vn 0.707107 0.707107 0.000000
vn 0.707107 0.707107 0.000000
vn 0.707107 0.707107 0.000000
vn -0.707107 0.000000 -0.707107
vn -0.707107 0.000000 -0.707107
vn -0.707107 0.000000 -0.707107
vn -0.707107 0.000000 -0.707107
vn 0.000000 0.707107 -0.707107
vn 0.000000 0.707107 -0.707107
vn 0.000000 0.707107 -0.707107
vn 0.000000 0.707107 -0.707107
vn 0.707107 0.000000 -0.707107
vn 0.707107 0.000000 -0.707107
vn 0.707107 0.000000 -0.707107
vn 0.707107 0.000000 -0.707107
vn 0.000000 -0.707107 -0.707107
vn 0.000000 -0.707107 -0.707107
vn 0.000000 -0.707107 -0.707107
vn 0.000000 -0.707107 -0.707107
vn 0.000000 0.000000 1.000000
vn 0.000000 0.000000 1.000000
vn 0.000000 0.000000 1.000000
vn 0.000000 0.000000 1.000000
vn 0.000000 1.000000 0.000000
vn 0.000000 1.000000 0.000000
vn 0.000000 1.000000 0.000000
vn 0.000000 1.000000 0.000000
vn 0.000000 0.000000 -1.000000
vn 0.000000 0.000000 -1.000000
vn 0.000000 0.000000 -1.000000
vn 0.000000 0.000000 -1.000000
vn 0.000000 -1.000000 0.000000
vn 0.000000 -1.000000 0.000000
vn 0.000000 -1.000000 0.000000
vn 0.000000 -1.000000 0.000000
vn 1.000000 0.000000 0.000000
vn 1.000000 0.000000 0.000000
vn 1.000000 0.000000 0.000000
vn 1.000000 0.000000 0.000000
vn -1.000000 0.000000 0.000000
vn -1.000000 0.000000 0.000000
vn -1.000000 0.000000 0.000000
vn -1.000000 0.000000 0.000000
vn -0.577350 -0.577350 0.577350
vn -0.577350 -0.577350 0.577350
vn -0.577350 -0.577350 0.577350
vn 0.577350 -0.577350 0.577350
vn 0.577350 -0.577350 0.577350
vn 0.577350 -0.577350 0.577350
vn -0.577350 0.577350 0.577350
vn -0.577350 0.577350 0.577350
vn -0.577350 0.577350 0.577350
vn 0.577350 0.577350 0.577350
vn 0.577350 0.577350 0.577350
vn 0.577350 0.577350 0.577350
vn -0.577350 0.577350 -0.577350
vn -0.577350 0.577350 -0.577350
vn -0.577350 0.577350 -0.577350
vn 0.577350 0.577350 -0.577350
vn 0.577350 0.577350 -0.577350
vn 0.577350 0.577350 -0.577350
vn -0.577350 -0.577350 -0.577350
vn -0.577350 -0.577350 -0.577350
vn -0.577350 -0.577350 -0.577350
vn 0.577350 -0.577350 -0.577350
vn 0.577350 -0.577350 -0.577350
vn 0.577350 -0.577350 -0.577350
s off
g geo_grp corner_GOW_geo
usemtl lambert3SG
f 289/457/1153 291/458/1154 307/459/1155 309/485/1156
f 290/461/1157 289/460/1158 294/492/1159 293/480/1160
f 291/489/1161 290/461/1162 296/468/1163 295/490/1164
f 292/462/1165 294/463/1166 310/479/1167 312/464/1168
f 293/480/1169 292/465/1170 300/493/1171 299/469/1172
f 295/466/1173 297/481/1174 302/473/1175 301/467/1176
f 297/481/1177 296/468/1178 299/469/1179 298/482/1180
f 298/482/1181 300/470/1182 306/494/1183 305/474/1184
f 301/471/1185 303/483/1186 308/477/1187 307/472/1188
f 303/483/1189 302/473/1190 305/474/1191 304/484/1192
f 304/484/1193 306/475/1194 312/476/1195 311/478/1196
f 309/485/1197 308/477/1198 311/478/1199 310/479/1200
f 290/461/1201 293/480/1202 299/469/1203 296/468/1204
f 297/481/1205 298/482/1206 305/474/1207 302/473/1208
usemtl lambert4SG
f 303/483/1209 304/484/1210 311/478/1211 308/477/1212
usemtl lambert6SG
f 309/485/1213 310/479/1214 294/463/1215 289/457/1216
usemtl lambert3SG
f 292/465/1217 312/486/1218 306/487/1219 300/493/1220
usemtl lambert5SG
f 307/488/1221 291/489/1222 295/490/1223 301/491/1224
usemtl lambert3SG
f 289/460/1225 290/461/1226 291/489/1227
f 292/465/1228 293/480/1229 294/492/1230
f 295/490/1231 296/468/1232 297/481/1233
f 298/482/1234 299/469/1235 300/493/1236
f 301/467/1237 302/473/1238 303/483/1239
f 304/484/1240 305/474/1241 306/494/1242
f 307/472/1243 308/477/1244 309/485/1245
f 310/479/1246 311/478/1247 312/476/1248
g default
v 0.563495 0.015000 1.436505
v 0.563495 0.063495 1.485000
v 0.515000 0.063495 1.436505
v 1.485000 0.063495 1.436505
v 1.436505 0.063495 1.485000
v 1.436505 0.015000 1.436505
v 0.515000 0.936505 1.436505
v 0.563495 0.936505 1.485000
v 0.563495 0.985000 1.436505
v 1.436505 0.985000 1.436505
v 1.436505 0.936505 1.485000
v 1.485000 0.936505 1.436505
v 0.515000 0.936505 0.563495
v 0.563495 0.985000 0.563495
v 0.563495 0.936505 0.515000
v 1.436505 0.936505 0.515000
v 1.436505 0.985000 0.563495
v 1.485000 0.936505 0.563495
v 0.515000 0.063495 0.563495
v 0.563495 0.063495 0.515000
v 0.563495 0.015000 0.563495
v 1.436505 0.015000 0.563495
v 1.436505 0.063495 0.515000
v 1.485000 0.063495 0.563495
vt 0.308587 0.699656
vt 0.305732 0.699656
vt 0.305732 0.648248
vt 0.308587 0.474035
vt 0.308587 0.476890
vt 0.362851 0.699656
vt 0.359995 0.699656
vt 0.362851 0.648248
vt 0.365706 0.476890
vt 0.305732 0.534010
vt 0.305732 0.585418
vt 0.308587 0.528298
vt 0.359995 0.528298
vt 0.362851 0.534010
vt 0.305732 0.591129
vt 0.305732 0.642537
vt 0.308587 0.585418
vt 0.359995 0.585418
vt 0.362851 0.591129
vt 0.362851 0.642537
vt 0.308587 0.642537
vt 0.359995 0.642537
vt 0.359995 0.648248
vt 0.359995 0.476890
vt 0.308587 0.534010
vt 0.359995 0.534010
vt 0.308587 0.591129
vt 0.359995 0.591129
vt 0.308587 0.648248
vt 0.417114 0.476890
vt 0.417114 0.528298
vt 0.251468 0.476890
vt 0.302876 0.476890
vt 0.302876 0.528298
vt 0.251468 0.528298
vt 0.359995 0.474035
vt 0.365706 0.528298
vt 0.362851 0.585418
vn -0.707107 -0.707107 0.000000
vn -0.707107 -0.707107 0.000000
vn -0.707107 -0.707107 0.000000
vn -0.707107 -0.707107 0.000000
vn 0.000000 -0.707107 0.707107
vn 0.000000 -0.707107 0.707107
vn 0.000000 -0.707107 0.707107
vn 0.000000 -0.707107 0.707107
vn -0.707107 0.000000 0.707107
vn -0.707107 0.000000 0.707107
vn -0.707107 0.000000 0.707107
vn -0.707107 0.000000 0.707107
vn 0.707107 -0.707107 0.000000
vn 0.707107 -0.707107 0.000000
vn 0.707107 -0.707107 0.000000
vn 0.707107 -0.707107 0.000000
vn 0.707107 0.000000 0.707107
vn 0.707107 0.000000 0.707107
vn 0.707107 0.000000 0.707107
vn 0.707107 0.000000 0.707107
vn -0.707107 0.707107 0.000000
vn -0.707107 0.707107 0.000000
vn -0.707107 0.707107 0.000000
vn -0.707107 0.707107 0.000000
vn 0.000000 0.707107 0.707107
vn 0.000000 0.707107 0.707107
vn 0.000000 0.707107 0.707107
vn 0.000000 0.707107 0.707107
vn 0.707107 0.707107 0.000000
vn 0.707107 0.707107 0.000000
vn 0.707107 0.707107 0.000000
vn 0.707107 0.707107 0.000000
vn -0.707107 0.000000 -0.707107
vn -0.707107 0.000000 -0.707107
vn -0.707107 0.000000 -0.707107
vn -0.707107 0.000000 -0.707107
vn 0.000000 0.707107 -0.707107
vn 0.000000 0.707107 -0.707107
vn 0.000000 0.707107 -0.707107
vn 0.000000 0.707107 -0.707107
vn 0.707107 0.000000 -0.707107
vn 0.707107 0.000000 -0.707107
vn 0.707107 0.000000 -0.707107
vn 0.707107 0.000000 -0.707107
vn 0.000000 -0.707107 -0.707107
vn 0.000000 -0.707107 -0.707107
vn 0.000000 -0.707107 -0.707107
vn 0.000000 -0.707107 -0.707107
vn 0.000000 0.000000 1.000000
vn 0.000000 0.000000 1.000000
vn 0.000000 0.000000 1.000000
vn 0.000000 0.000000 1.000000
vn 0.000000 1.000000 0.000000
vn 0.000000 1.000000 0.000000
vn 0.000000 1.000000 0.000000
vn 0.000000 1.000000 0.000000
vn 0.000000 0.000000 -1.000000
vn 0.000000 0.000000 -1.000000
vn 0.000000 0.000000 -1.000000
vn 0.000000 0.000000 -1.000000
vn 0.000000 -1.000000 0.000000
vn 0.000000 -1.000000 0.000000
vn 0.000000 -1.000000 0.000000
vn 0.000000 -1.000000 0.000000
vn 1.000000 0.000000 0.000000
vn 1.000000 0.000000 0.000000
vn 1.000000 0.000000 0.000000
vn 1.000000 0.000000 0.000000
vn -1.000000 0.000000 0.000000
vn -1.000000 0.000000 0.000000
vn -1.000000 0.000000 0.000000
vn -1.000000 0.000000 0.000000
vn -0.577350 -0.577350 0.577350
vn -0.577350 -0.577350 0.577350
vn -0.577350 -0.577350 0.577350
vn 0.577350 -0.577350 0.577350
vn 0.577350 -0.577350 0.577350
vn 0.577350 -0.577350 0.577350
vn -0.577350 0.577350 0.577350
vn -0.577350 0.577350 0.577350
vn -0.577350 0.577350 0.577350
vn 0.577350 0.577350 0.577350
vn 0.577350 0.577350 0.577350
vn 0.577350 0.577350 0.577350
vn -0.577350 0.577350 -0.577350
vn -0.577350 0.577350 -0.577350
vn -0.577350 0.577350 -0.577350
vn 0.577350 0.577350 -0.577350
vn 0.577350 0.577350 -0.577350
vn 0.577350 0.577350 -0.577350
vn -0.577350 -0.577350 -0.577350
vn -0.577350 -0.577350 -0.577350
vn -0.577350 -0.577350 -0.577350
vn 0.577350 -0.577350 -0.577350
vn 0.577350 -0.577350 -0.577350
vn 0.577350 -0.577350 -0.577350
s off
g geo_grp corner_BWR_geo
usemtl lambert3SG
f 313/495/1249 315/496/1250 331/497/1251 333/523/1252
f 314/499/1253 313/498/1254 318/530/1255 317/518/1256
f 315/527/1257 314/499/1258 320/506/1259 319/528/1260
f 316/500/1261 318/501/1262 334/517/1263 336/502/1264
f 317/518/1265 316/503/1266 324/531/1267 323/507/1268
f 319/504/1269 321/519/1270 326/511/1271 325/505/1272
f 321/519/1273 320/506/1274 323/507/1275 322/520/1276
f 322/520/1277 324/508/1278 330/532/1279 329/512/1280
f 325/509/1281 327/521/1282 332/515/1283 331/510/1284
f 327/521/1285 326/511/1286 329/512/1287 328/522/1288
f 328/522/1289 330/513/1290 336/514/1291 335/516/1292
f 333/523/1293 332/515/1294 335/516/1295 334/517/1296
usemtl lambert2SG
f 314/499/1297 317/518/1298 323/507/1299 320/506/1300
usemtl lambert3SG
f 321/519/1301 322/520/1302 329/512/1303 326/511/1304
f 327/521/1305 328/522/1306 335/516/1307 332/515/1308
usemtl lambert6SG
f 333/523/1309 334/517/1310 318/501/1311 313/495/1312
usemtl pasted__lambert_blueSG
f 316/503/1313 336/524/1314 330/525/1315 324/531/1316
usemtl lambert3SG
f 331/526/1317 315/527/1318 319/528/1319 325/529/1320
f 313/498/1321 314/499/1322 315/527/1323
f 316/503/1324 317/518/1325 318/530/1326
f 319/528/1327 320/506/1328 321/519/1329
f 322/520/1330 323/507/1331 324/531/1332
f 325/505/1333 326/511/1334 327/521/1335
f 328/522/1336 329/512/1337 330/532/1338
f 331/510/1339 332/515/1340 333/523/1341
f 334/517/1342 335/516/1343 336/514/1344
g default
v 0.563495 0.015000 -0.563495
v 0.563495 0.063495 -0.515000
v 0.515000 0.063495 -0.563495
v 1.485000 0.063495 -0.563495
v 1.436505 0.063495 -0.515000
v 1.436505 0.015000 -0.563495
v 0.515000 0.936505 -0.563495
v 0.563495 0.936505 -0.515000
v 0.563495 0.985000 -0.563495
v 1.436505 0.985000 -0.563495
v 1.436505 0.936505 -0.515000
v 1.485000 0.936505 -0.563495
v 0.515000 0.936505 -1.436505
v 0.563495 0.985000 -1.436505
v 0.563495 0.936505 -1.485000
v 1.436505 0.936505 -1.485000
v 1.436505 0.985000 -1.436505
v 1.485000 0.936505 -1.436505
v 0.515000 0.063495 -1.436505
v 0.563495 0.063495 -1.485000
v 0.563495 0.015000 -1.436505
v 1.436505 0.015000 -1.436505
v 1.436505 0.063495 -1.485000
v 1.485000 0.063495 -1.436505
vt 0.427714 0.300344
vt 0.424858 0.300344
vt 0.424858 0.248936
vt 0.427714 0.074722
vt 0.427714 0.077578
vt 0.481977 0.300344
vt 0.479122 0.300344
vt 0.481977 0.248936
vt 0.484833 0.077578
vt 0.424858 0.134697
vt 0.424858 0.186105
vt 0.427714 0.128986
vt 0.479122 0.128986
vt 0.481977 0.134697
vt 0.424858 0.191817
vt 0.424858 0.243225
vt 0.427714 0.186105
vt 0.479122 0.186105
vt 0.481977 0.191817
vt 0.481977 0.243225
vt 0.427714 0.243225
vt 0.479122 0.243224
vt 0.479122 0.248936
vt 0.479122 0.077578
vt 0.427714 0.134697
vt 0.479122 0.134697
vt 0.427714 0.191817
vt 0.479122 0.191817
vt 0.427714 0.248936
vt 0.536241 0.077578
vt 0.536241 0.128986
vt 0.370594 0.077578
vt 0.422002 0.077578
vt 0.422002 0.128986
vt 0.370594 0.128986
vt 0.479122 0.074722
vt 0.484833 0.128986
vt 0.481977 0.186105
vn -0.707107 -0.707107 0.000000
vn -0.707107 -0.707107 0.000000
vn -0.707107 -0.707107 0.000000
vn -0.707107 -0.707107 0.000000
vn 0.000000 -0.707107 0.707107
vn 0.000000 -0.707107 0.707107
vn 0.000000 -0.707107 0.707107
vn 0.000000 -0.707107 0.707107
vn -0.707107 0.000000 0.707107
vn -0.707107 0.000000 0.707107
vn -0.707107 0.000000 0.707107
vn -0.707107 0.000000 0.707107
vn 0.707107 -0.707107 0.000000
vn 0.707107 -0.707107 0.000000
vn 0.707107 -0.707107 0.000000
vn 0.707107 -0.707107 0.000000
vn 0.707107 0.000000 0.707107
vn 0.707107 0.000000 0.707107
vn 0.707107 0.000000 0.707107
vn 0.707107 0.000000 0.707107
vn -0.707107 0.707107 0.000000
vn -0.707107 0.707107 0.000000
vn -0.707107 0.707107 0.000000
vn -0.707107 0.707107 0.000000
vn 0.000000 0.707107 0.707107
vn 0.000000 0.707107 0.707107
vn 0.000000 0.707107 0.707107
vn 0.000000 0.707107 0.707107
vn 0.707107 0.707107 0.000000
vn 0.707107 0.707107 0.000000
vn 0.707107 0.707107 0.000000
vn 0.707107 0.707107 0.000000
vn -0.707107 0.000000 -0.707107
vn -0.707107 0.000000 -0.707107
vn -0.707107 0.000000 -0.707107
vn -0.707107 0.000000 -0.707107
vn 0.000000 0.707107 -0.707107
vn 0.000000 0.707107 -0.707107
vn 0.000000 0.707107 -0.707107
vn 0.000000 0.707107 -0.707107
vn 0.707107 0.000000 -0.707107
vn 0.707107 0.000000 -0.707107
vn 0.707107 0.000000 -0.707107
vn 0.707107 0.000000 -0.707107
vn 0.000000 -0.707107 -0.707107
vn 0.000000 -0.707107 -0.707107
vn 0.000000 -0.707107 -0.707107
vn 0.000000 -0.707107 -0.707107
vn 0.000000 0.000000 1.000000
vn 0.000000 0.000000 1.000000
vn 0.000000 0.000000 1.000000
vn 0.000000 0.000000 1.000000
vn 0.000000 1.000000 0.000000
vn 0.000000 1.000000 0.000000
vn 0.000000 1.000000 0.000000
vn 0.000000 1.000000 0.000000
vn 0.000000 0.000000 -1.000000
vn 0.000000 0.000000 -1.000000
vn 0.000000 0.000000 -1.000000
vn 0.000000 0.000000 -1.000000
vn 0.000000 -1.000000 0.000000
vn 0.000000 -1.000000 0.000000
vn 0.000000 -1.000000 0.000000
vn 0.000000 -1.000000 0.000000
vn 1.000000 0.000000 0.000000
vn 1.000000 0.000000 0.000000
vn 1.000000 0.000000 0.000000
vn 1.000000 0.000000 0.000000
vn -1.000000 0.000000 0.000000
vn -1.000000 0.000000 0.000000
vn -1.000000 0.000000 0.000000
vn -1.000000 0.000000 0.000000
vn -0.577350 -0.577350 0.577350
vn -0.577350 -0.577350 0.577350
vn -0.577350 -0.577350 0.577350
vn 0.577350 -0.577350 0.577350
vn 0.577350 -0.577350 0.577350
vn 0.577350 -0.577350 0.577350
vn -0.577350 0.577350 0.577350
vn -0.577350 0.577350 0.577350
vn -0.577350 0.577350 0.577350
vn 0.577350 0.577350 0.577350
vn 0.577350 0.577350 0.577350
vn 0.577350 0.577350 0.577350
vn -0.577350 0.577350 -0.577350
vn -0.577350 0.577350 -0.577350
vn -0.577350 0.577350 -0.577350
vn 0.577350 0.577350 -0.577350
vn 0.577350 0.577350 -0.577350
vn 0.577350 0.577350 -0.577350
vn -0.577350 -0.577350 -0.577350
vn -0.577350 -0.577350 -0.577350
vn -0.577350 -0.577350 -0.577350
vn 0.577350 -0.577350 -0.577350
vn 0.577350 -0.577350 -0.577350
vn 0.577350 -0.577350 -0.577350
s off
g geo_grp corner_GWR_geo
usemtl lambert3SG
f 337/533/1345 339/534/1346 355/535/1347 357/561/1348
f 338/537/1349 337/536/1350 342/568/1351 341/556/1352
f 339/565/1353 338/537/1354 344/544/1355 343/566/1356
f 340/538/1357 342/539/1358 358/555/1359 360/540/1360
f 341/556/1361 340/541/1362 348/569/1363 347/545/1364
f 343/542/1365 345/557/1366 350/549/1367 349/543/1368
f 345/557/1369 344/544/1370 347/545/1371 346/558/1372
f 346/558/1373 348/546/1374 354/570/1375 353/550/1376
f 349/547/1377 351/559/1378 356/553/1379 355/548/1380
f 351/559/1381 350/549/1382 353/550/1383 352/560/1384
f 352/560/1385 354/551/1386 360/552/1387 359/554/1388
f 357/561/1389 356/553/1390 359/554/1391 358/555/1392
f 338/537/1393 341/556/1394 347/545/1395 344/544/1396
f 345/557/1397 346/558/1398 353/550/1399 350/549/1400
usemtl lambert4SG
f 351/559/1401 352/560/1402 359/554/1403 356/553/1404
usemtl lambert6SG
f 357/561/1405 358/555/1406 342/539/1407 337/533/1408
usemtl pasted__lambert_blueSG
f 340/541/1409 360/562/1410 354/563/1411 348/569/1412
usemtl lambert3SG
f 355/564/1413 339/565/1414 343/566/1415 349/567/1416
f 337/536/1417 338/537/1418 339/565/1419
f 340/541/1420 341/556/1421 342/568/1422
f 343/566/1423 344/544/1424 345/557/1425
f 346/558/1426 347/545/1427 348/569/1428
f 349/543/1429 350/549/1430 351/559/1431
f 352/560/1432 353/550/1433 354/570/1434
f 355/548/1435 356/553/1436 357/561/1437
f 358/555/1438 359/554/1439 360/552/1440
g default
v -0.436505 2.015000 -0.563495
v -0.436505 2.063495 -0.515000
v -0.485000 2.063495 -0.563495
v 0.485000 2.063495 -0.563495
v 0.436505 2.063495 -0.515000
v 0.436505 2.015000 -0.563495
v -0.485000 2.936505 -0.563495
v -0.436505 2.936505 -0.515000
v -0.436505 2.985000 -0.563495
v 0.436505 2.985000 -0.563495
v 0.436505 2.936505 -0.515000
v 0.485000 2.936505 -0.563495
v -0.485000 2.936505 -1.436505
v -0.436505 2.985000 -1.436505
v -0.436505 2.936505 -1.485000
v 0.436505 2.936505 -1.485000
v 0.436505 2.985000 -1.436505
v 0.485000 2.936505 -1.436505
v -0.485000 2.063495 -1.436505
v -0.436505 2.063495 -1.485000
v -0.436505 2.015000 -1.436505
v 0.436505 2.015000 -1.436505
v 0.436505 2.063495 -1.485000
v 0.485000 2.063495 -1.436505
vt 0.656436 0.474035
vt 0.653581 0.474035
vt 0.653581 0.422627
vt 0.656436 0.248413
vt 0.656436 0.251269
vt 0.710700 0.474035
vt 0.707844 0.474035
vt 0.710700 0.422627
vt 0.713555 0.251269
vt 0.653581 0.308388
vt 0.653581 0.359796
vt 0.656436 0.302677
vt 0.707844 0.302677
vt 0.710700 0.308388
vt 0.653581 0.365508
vt 0.653581 0.416916
vt 0.656436 0.359796
vt 0.707844 0.359796
vt 0.710700 0.365508
vt 0.710700 0.416916
vt 0.656436 0.416916
vt 0.707844 0.416916
vt 0.707844 0.422627
vt 0.707844 0.251269
vt 0.656436 0.308388
vt 0.707844 0.308388
vt 0.656436 0.365508
vt 0.707844 0.365508
vt 0.656436 0.422627
vt 0.764963 0.251269
vt 0.764963 0.302677
vt 0.599317 0.251269
vt 0.650725 0.251269
vt 0.650725 0.302677
vt 0.599317 0.302677
vt 0.707844 0.248413
vt 0.713555 0.302677
vt 0.710700 0.359796
vn -0.707107 -0.707107 0.000000
vn -0.707107 -0.707107 0.000000
vn -0.707107 -0.707107 0.000000
vn -0.707107 -0.707107 0.000000
vn 0.000000 -0.707107 0.707107
vn 0.000000 -0.707107 0.707107
vn 0.000000 -0.707107 0.707107
vn 0.000000 -0.707107 0.707107
vn -0.707107 0.000000 0.707107
vn -0.707107 0.000000 0.707107
vn -0.707107 0.000000 0.707107
vn -0.707107 0.000000 0.707107
vn 0.707107 -0.707107 0.000000
vn 0.707107 -0.707107 0.000000
vn 0.707107 -0.707107 0.000000
vn 0.707107 -0.707107 0.000000
vn 0.707107 0.000000 0.707107
vn 0.707107 0.000000 0.707107
vn 0.707107 0.000000 0.707107
vn 0.707107 0.000000 0.707107
vn -0.707107 0.707107 0.000000
vn -0.707107 0.707107 0.000000
vn -0.707107 0.707107 0.000000
vn -0.707107 0.707107 0.000000
vn 0.000000 0.707107 0.707107
vn 0.000000 0.707107 0.707107
vn 0.000000 0.707107 0.707107
vn 0.000000 0.707107 0.707107
vn 0.707107 0.707107 0.000000
vn 0.707107 0.707107 0.000000
vn 0.707107 0.707107 0.000000
vn 0.707107 0.707107 0.000000
vn -0.707107 0.000000 -0.707107
vn -0.707107 0.000000 -0.707107
vn -0.707107 0.000000 -0.707107
vn -0.707107 0.000000 -0.707107
vn 0.000000 0.707107 -0.707107
vn 0.000000 0.707107 -0.707107
vn 0.000000 0.707107 -0.707107
vn 0.000000 0.707107 -0.707107
vn 0.707107 0.000000 -0.707107
vn 0.707107 0.000000 -0.707107
vn 0.707107 0.000000 -0.707107
vn 0.707107 0.000000 -0.707107
vn 0.000000 -0.707107 -0.707107
vn 0.000000 -0.707107 -0.707107
vn 0.000000 -0.707107 -0.707107
vn 0.000000 -0.707107 -0.707107
vn 0.000000 0.000000 1.000000
vn 0.000000 0.000000 1.000000
vn 0.000000 0.000000 1.000000
vn 0.000000 0.000000 1.000000
vn 0.000000 1.000000 0.000000
vn 0.000000 1.000000 0.000000
vn 0.000000 1.000000 0.000000
vn 0.000000 1.000000 0.000000
vn 0.000000 0.000000 -1.000000
vn 0.000000 0.000000 -1.000000
vn 0.000000 0.000000 -1.000000
vn 0.000000 0.000000 -1.000000
vn 0.000000 -1.000000 0.000000
vn 0.000000 -1.000000 0.000000
vn 0.000000 -1.000000 0.000000
vn 0.000000 -1.000000 0.000000
vn 1.000000 0.000000 0.000000
vn 1.000000 0.000000 0.000000
vn 1.000000 0.000000 0.000000
vn 1.000000 0.000000 0.000000
vn -1.000000 0.000000 0.000000
vn -1.000000 0.000000 0.000000
vn -1.000000 0.000000 0.000000
vn -1.000000 0.000000 0.000000
vn -0.577350 -0.577350 0.577350
vn -0.577350 -0.577350 0.577350
vn -0.577350 -0.577350 0.577350
vn 0.577350 -0.577350 0.577350
vn 0.577350 -0.577350 0.577350
vn 0.577350 -0.577350 0.577350
vn -0.577350 0.577350 0.577350
vn -0.577350 0.577350 0.577350
vn -0.577350 0.577350 0.577350
vn 0.577350 0.577350 0.577350
vn 0.577350 0.577350 0.577350
vn 0.577350 0.577350 0.577350
vn -0.577350 0.577350 -0.577350
vn -0.577350 0.577350 -0.577350
vn -0.577350 0.577350 -0.577350
vn 0.577350 0.577350 -0.577350
vn 0.577350 0.577350 -0.577350
vn 0.577350 0.577350 -0.577350
vn -0.577350 -0.577350 -0.577350
vn -0.577350 -0.577350 -0.577350
vn -0.577350 -0.577350 -0.577350
vn 0.577350 -0.577350 -0.577350
vn 0.577350 -0.577350 -0.577350
vn 0.577350 -0.577350 -0.577350
s off
g geo_grp edge_GY_geo
usemtl lambert3SG
f 361/571/1441 363/572/1442 379/573/1443 381/599/1444
f 362/575/1445 361/574/1446 366/606/1447 365/594/1448
f 363/603/1449 362/575/1450 368/582/1451 367/604/1452
f 364/576/1453 366/577/1454 382/593/1455 384/578/1456
f 365/594/1457 364/579/1458 372/607/1459 371/583/1460
f 367/580/1461 369/595/1462 374/587/1463 373/581/1464
f 369/595/1465 368/582/1466 371/583/1467 370/596/1468
f 370/596/1469 372/584/1470 378/608/1471 377/588/1472
f 373/585/1473 375/597/1474 380/591/1475 379/586/1476
f 375/597/1477 374/587/1478 377/588/1479 376/598/1480
f 376/598/1481 378/589/1482 384/590/1483 383/592/1484
f 381/599/1485 380/591/1486 383/592/1487 382/593/1488
f 362/575/1489 365/594/1490 371/583/1491 368/582/1492
usemtl lambert_greenSG
f 369/595/1493 370/596/1494 377/588/1495 374/587/1496
usemtl lambert4SG
f 375/597/1497 376/598/1498 383/592/1499 380/591/1500
usemtl lambert3SG
f 381/599/1501 382/593/1502 366/577/1503 361/571/1504
f 364/579/1505 384/600/1506 378/601/1507 372/607/1508
f 379/602/1509 363/603/1510 367/604/1511 373/605/1512
f 361/574/1513 362/575/1514 363/603/1515
f 364/579/1516 365/594/1517 366/606/1518
f 367/604/1519 368/582/1520 369/595/1521
f 370/596/1522 371/583/1523 372/607/1524
f 373/581/1525 374/587/1526 375/597/1527
f 376/598/1528 377/588/1529 378/608/1530
f 379/586/1531 380/591/1532 381/599/1533
f 382/593/1534 383/592/1535 384/590/1536
g default
v -1.436505 2.015000 0.436505
v -1.436505 2.063495 0.485000
v -1.485000 2.063495 0.436505
v -0.515000 2.063495 0.436505
v -0.563495 2.063495 0.485000
v -0.563495 2.015000 0.436505
v -1.485000 2.936505 0.436505
v -1.436505 2.936505 0.485000
v -1.436505 2.985000 0.436505
v -0.563495 2.985000 0.436505
v -0.563495 2.936505 0.485000
v -0.515000 2.936505 0.436505
v -1.485000 2.936505 -0.436505
v -1.436505 2.985000 -0.436505
v -1.436505 2.936505 -0.485000
v -0.563495 2.936505 -0.485000
v -0.563495 2.985000 -0.436505
v -0.515000 2.936505 -0.436505
v -1.485000 2.063495 -0.436505
v -1.436505 2.063495 -0.485000
v -1.436505 2.015000 -0.436505
v -0.563495 2.015000 -0.436505
v -0.563495 2.063495 -0.485000
v -0.515000 2.063495 -0.436505
vt 0.422948 0.525965
vt 0.420093 0.525965
vt 0.420093 0.474557
vt 0.422948 0.300344
vt 0.422948 0.303199
vt 0.477212 0.525965
vt 0.474356 0.525965
vt 0.477212 0.474557
vt 0.480068 0.303199
vt 0.420093 0.360319
vt 0.420093 0.411727
vt 0.422948 0.354607
vt 0.474356 0.354607
vt 0.477212 0.360319
vt 0.420093 0.417438
vt 0.420093 0.468846
vt 0.422948 0.411727
vt 0.474356 0.411727
vt 0.477212 0.417438
vt 0.477212 0.468846
vt 0.422948 0.468846
vt 0.474356 0.468846
vt 0.474356 0.474557
vt 0.474356 0.303199
vt 0.422948 0.360319
vt 0.474356 0.360319
vt 0.422948 0.417438
vt 0.474356 0.417438
vt 0.422948 0.474557
vt 0.531476 0.303199
vt 0.531476 0.354607
vt 0.365829 0.303199
vt 0.417237 0.303199
vt 0.417237 0.354607
vt 0.365829 0.354607
vt 0.474356 0.300344
vt 0.480068 0.354607
vt 0.477212 0.411727
vn -0.707107 -0.707107 0.000000
vn -0.707107 -0.707107 0.000000
vn -0.707107 -0.707107 0.000000
vn -0.707107 -0.707107 0.000000
vn 0.000000 -0.707107 0.707107
vn 0.000000 -0.707107 0.707107
vn 0.000000 -0.707107 0.707107
vn 0.000000 -0.707107 0.707107
vn -0.707107 0.000000 0.707107
vn -0.707107 0.000000 0.707107
vn -0.707107 0.000000 0.707107
vn -0.707107 0.000000 0.707107
vn 0.707107 -0.707107 0.000000
vn 0.707107 -0.707107 0.000000
vn 0.707107 -0.707107 0.000000
vn 0.707107 -0.707107 0.000000
vn 0.707107 0.000000 0.707107
vn 0.707107 0.000000 0.707107
vn 0.707107 0.000000 0.707107
vn 0.707107 0.000000 0.707107
vn -0.707107 0.707107 0.000000
vn -0.707107 0.707107 0.000000
vn -0.707107 0.707107 0.000000
vn -0.707107 0.707107 0.000000
vn 0.000000 0.707107 0.707107
vn 0.000000 0.707107 0.707107
vn 0.000000 0.707107 0.707107
vn 0.000000 0.707107 0.707107
vn 0.707107 0.707107 0.000000
vn 0.707107 0.707107 0.000000
vn 0.707107 0.707107 0.000000
vn 0.707107 0.707107 0.000000
vn -0.707107 0.000000 -0.707107
vn -0.707107 0.000000 -0.707107
vn -0.707107 0.000000 -0.707107
vn -0.707107 0.000000 -0.707107
vn 0.000000 0.707107 -0.707107
vn 0.000000 0.707107 -0.707107
vn 0.000000 0.707107 -0.707107
vn 0.000000 0.707107 -0.707107
vn 0.707107 0.000000 -0.707107
vn 0.707107 0.000000 -0.707107
vn 0.707107 0.000000 -0.707107
vn 0.707107 0.000000 -0.707107
vn 0.000000 -0.707107 -0.707107
vn 0.000000 -0.707107 -0.707107
vn 0.000000 -0.707107 -0.707107
vn 0.000000 -0.707107 -0.707107
vn 0.000000 0.000000 1.000000
vn 0.000000 0.000000 1.000000
vn 0.000000 0.000000 1.000000
vn 0.000000 0.000000 1.000000
vn 0.000000 1.000000 0.000000
vn 0.000000 1.000000 0.000000
vn 0.000000 1.000000 0.000000
vn 0.000000 1.000000 0.000000
vn 0.000000 0.000000 -1.000000
vn 0.000000 0.000000 -1.000000
vn 0.000000 0.000000 -1.000000
vn 0.000000 0.000000 -1.000000
vn 0.000000 -1.000000 0.000000
vn 0.000000 -1.000000 0.000000
vn 0.000000 -1.000000 0.000000
vn 0.000000 -1.000000 0.000000
vn 1.000000 0.000000 0.000000
vn 1.000000 0.000000 0.000000
vn 1.000000 0.000000 0.000000
vn 1.000000 0.000000 0.000000
vn -1.000000 0.000000 0.000000
vn -1.000000 0.000000 0.000000
vn -1.000000 0.000000 0.000000
vn -1.000000 0.000000 0.000000
vn -0.577350 -0.577350 0.577350
vn -0.577350 -0.577350 0.577350
vn -0.577350 -0.577350 0.577350
vn 0.577350 -0.577350 0.577350
vn 0.577350 -0.577350 0.577350
vn 0.577350 -0.577350 0.577350
vn -0.577350 0.577350 0.577350
vn -0.577350 0.577350 0.577350
vn -0.577350 0.577350 0.577350
vn 0.577350 0.577350 0.577350
vn 0.577350 0.577350 0.577350
vn 0.577350 0.577350 0.577350
vn -0.577350 0.577350 -0.577350
vn -0.577350 0.577350 -0.577350
vn -0.577350 0.577350 -0.577350
vn 0.577350 0.577350 -0.577350
vn 0.577350 0.577350 -0.577350
vn 0.577350 0.577350 -0.577350
vn -0.577350 -0.577350 -0.577350
vn -0.577350 -0.577350 -0.577350
vn -0.577350 -0.577350 -0.577350
vn 0.577350 -0.577350 -0.577350
vn 0.577350 -0.577350 -0.577350
vn 0.577350 -0.577350 -0.577350
s off
g geo_grp edge_YO_geo
usemtl lambert3SG
f 385/609/1537 387/610/1538 403/611/1539 405/637/1540
f 386/613/1541 385/612/1542 390/644/1543 389/632/1544
f 387/641/1545 386/613/1546 392/620/1547 391/642/1548
f 388/614/1549 390/615/1550 406/631/1551 408/616/1552
f 389/632/1553 388/617/1554 396/645/1555 395/621/1556
f 391/618/1557 393/633/1558 398/625/1559 397/619/1560
f 393/633/1561 392/620/1562 395/621/1563 394/634/1564
f 394/634/1565 396/622/1566 402/646/1567 401/626/1568
f 397/623/1569 399/635/1570 404/629/1571 403/624/1572
f 399/635/1573 398/625/1574 401/626/1575 400/636/1576
f 400/636/1577 402/627/1578 408/628/1579 407/630/1580
f 405/637/1581 404/629/1582 407/630/1583 406/631/1584
f 386/613/1585 389/632/1586 395/621/1587 392/620/1588
usemtl lambert_greenSG
f 393/633/1589 394/634/1590 401/626/1591 398/625/1592
usemtl lambert3SG
f 399/635/1593 400/636/1594 407/630/1595 404/629/1596
f 405/637/1597 406/631/1598 390/615/1599 385/609/1600
f 388/617/1601 408/638/1602 402/639/1603 396/645/1604
usemtl lambert5SG
f 403/640/1605 387/641/1606 391/642/1607 397/643/1608
usemtl lambert3SG
f 385/612/1609 386/613/1610 387/641/1611
f 388/617/1612 389/632/1613 390/644/1614
f 391/642/1615 392/620/1616 393/633/1617
f 394/634/1618 395/621/1619 396/645/1620
f 397/619/1621 398/625/1622 399/635/1623
f 400/636/1624 401/626/1625 402/646/1626
f 403/624/1627 404/629/1628 405/637/1629
f 406/631/1630 407/630/1631 408/628/1632
g default
v 0.563495 2.015000 0.436505
v 0.563495 2.063495 0.485000
v 0.515000 2.063495 0.436505
v 1.485000 2.063495 0.436505
v 1.436505 2.063495 0.485000
v 1.436505 2.015000 0.436505
v 0.515000 2.936505 0.436505
v 0.563495 2.936505 0.485000
v 0.563495 2.985000 0.436505
v 1.436505 2.985000 0.436505
v 1.436505 2.936505 0.485000
v 1.485000 2.936505 0.436505
v 0.515000 2.936505 -0.436505
v 0.563495 2.985000 -0.436505
v 0.563495 2.936505 -0.485000
v 1.436505 2.936505 -0.485000
v 1.436505 2.985000 -0.436505
v 1.485000 2.936505 -0.436505
v 0.515000 2.063495 -0.436505
v 0.563495 2.063495 -0.485000
v 0.563495 2.015000 -0.436505
v 1.436505 2.015000 -0.436505
v 1.436505 2.063495 -0.485000
v 1.485000 2.063495 -0.436505
vt 0.542075 0.577896
vt 0.539219 0.577896
vt 0.539219 0.526488
vt 0.542075 0.352274
vt 0.542075 0.355130
vt 0.596339 0.577896
vt 0.593483 0.577896
vt 0.596339 0.526488
vt 0.599194 0.355130
vt 0.539219 0.412249
vt 0.539219 0.463657
vt 0.542075 0.406538
vt 0.593483 0.406538
vt 0.596339 0.412249
vt 0.539219 0.469368
vt 0.539219 0.520776
vt 0.542075 0.463657
vt 0.593483 0.463657
vt 0.596339 0.469368
vt 0.596339 0.520776
vt 0.542075 0.520776
vt 0.593483 0.520776
vt 0.593483 0.526488
vt 0.593483 0.355130
vt 0.542075 0.412249
vt 0.593483 0.412249
vt 0.542075 0.469368
vt 0.593483 0.469368
vt 0.542075 0.526488
vt 0.650602 0.355130
vt 0.650602 0.406538
vt 0.484956 0.355130
vt 0.536364 0.355130
vt 0.536363 0.406538
vt 0.484956 0.406538
vt 0.593483 0.352274
vt 0.599194 0.406538
vt 0.596339 0.463657
vn -0.707107 -0.707107 0.000000
vn -0.707107 -0.707107 0.000000
vn -0.707107 -0.707107 0.000000
vn -0.707107 -0.707107 0.000000
vn 0.000000 -0.707107 0.707107
vn 0.000000 -0.707107 0.707107
vn 0.000000 -0.707107 0.707107
vn 0.000000 -0.707107 0.707107
vn -0.707107 0.000000 0.707107
vn -0.707107 0.000000 0.707107
vn -0.707107 0.000000 0.707107
vn -0.707107 0.000000 0.707107
vn 0.707107 -0.707107 0.000000
vn 0.707107 -0.707107 0.000000
vn 0.707107 -0.707107 0.000000
vn 0.707107 -0.707107 0.000000
vn 0.707107 0.000000 0.707107
vn 0.707107 0.000000 0.707107
vn 0.707107 0.000000 0.707107
vn 0.707107 0.000000 0.707107
vn -0.707107 0.707107 0.000000
vn -0.707107 0.707107 0.000000
vn -0.707107 0.707107 0.000000
vn -0.707107 0.707107 0.000000
vn 0.000000 0.707107 0.707107
vn 0.000000 0.707107 0.707107
vn 0.000000 0.707107 0.707107
vn 0.000000 0.707107 0.707107
vn 0.707107 0.707107 0.000000
vn 0.707107 0.707107 0.000000
vn 0.707107 0.707107 0.000000
vn 0.707107 0.707107 0.000000
vn -0.707107 0.000000 -0.707107
vn -0.707107 0.000000 -0.707107
vn -0.707107 0.000000 -0.707107
vn -0.707107 0.000000 -0.707107
vn 0.000000 0.707107 -0.707107
vn 0.000000 0.707107 -0.707107
vn 0.000000 0.707107 -0.707107
vn 0.000000 0.707107 -0.707107
vn 0.707107 0.000000 -0.707107
vn 0.707107 0.000000 -0.707107
vn 0.707107 0.000000 -0.707107
vn 0.707107 0.000000 -0.707107
vn 0.000000 -0.707107 -0.707107
vn 0.000000 -0.707107 -0.707107
vn 0.000000 -0.707107 -0.707107
vn 0.000000 -0.707107 -0.707107
vn 0.000000 0.000000 1.000000
vn 0.000000 0.000000 1.000000
vn 0.000000 0.000000 1.000000
vn 0.000000 0.000000 1.000000
vn 0.000000 1.000000 0.000000
vn 0.000000 1.000000 0.000000
vn 0.000000 1.000000 0.000000
vn 0.000000 1.000000 0.000000
vn 0.000000 0.000000 -1.000000
vn 0.000000 0.000000 -1.000000
vn 0.000000 0.000000 -1.000000
vn 0.000000 0.000000 -1.000000
vn 0.000000 -1.000000 0.000000
vn 0.000000 -1.000000 0.000000
vn 0.000000 -1.000000 0.000000
vn 0.000000 -1.000000 0.000000
vn 1.000000 0.000000 0.000000
vn 1.000000 0.000000 0.000000
vn 1.000000 0.000000 0.000000
vn 1.000000 0.000000 0.000000
vn -1.000000 0.000000 0.000000
vn -1.000000 0.000000 0.000000
vn -1.000000 0.000000 0.000000
vn -1.000000 0.000000 0.000000
vn -0.577350 -0.577350 0.577350
vn -0.577350 -0.577350 0.577350
vn -0.577350 -0.577350 0.577350
vn 0.577350 -0.577350 0.577350
vn 0.577350 -0.577350 0.577350
vn 0.577350 -0.577350 0.577350
vn -0.577350 0.577350 0.577350
vn -0.577350 0.577350 0.577350
vn -0.577350 0.577350 0.577350
vn 0.577350 0.577350 0.577350
vn 0.577350 0.577350 0.577350
vn 0.577350 0.577350 0.577350
vn -0.577350 0.577350 -0.577350
vn -0.577350 0.577350 -0.577350
vn -0.577350 0.577350 -0.577350
vn 0.577350 0.577350 -0.577350
vn 0.577350 0.577350 -0.577350
vn 0.577350 0.577350 -0.577350
vn -0.577350 -0.577350 -0.577350
vn -0.577350 -0.577350 -0.577350
vn -0.577350 -0.577350 -0.577350
vn 0.577350 -0.577350 -0.577350
vn 0.577350 -0.577350 -0.577350
vn 0.577350 -0.577350 -0.577350
s off
g geo_grp edge_RY_geo
usemtl lambert3SG
f 409/647/1633 411/648/1634 427/649/1635 429/675/1636
f 410/651/1637 409/650/1638 414/682/1639 413/670/1640
f 411/679/1641 410/651/1642 416/658/1643 415/680/1644
f 412/652/1645 414/653/1646 430/669/1647 432/654/1648
f 413/670/1649 412/655/1650 420/683/1651 419/659/1652
f 415/656/1653 417/671/1654 422/663/1655 421/657/1656
f 417/671/1657 416/658/1658 419/659/1659 418/672/1660
f 418/672/1661 420/660/1662 426/684/1663 425/664/1664
f 421/661/1665 423/673/1666 428/667/1667 427/662/1668
f 423/673/1669 422/663/1670 425/664/1671 424/674/1672
f 424/674/1673 426/665/1674 432/666/1675 431/668/1676
f 429/675/1677 428/667/1678 431/668/1679 430/669/1680
f 410/651/1681 413/670/1682 419/659/1683 416/658/1684
usemtl lambert_greenSG
f 417/671/1685 418/672/1686 425/664/1687 422/663/1688
usemtl lambert3SG
f 423/673/1689 424/674/1690 431/668/1691 428/667/1692
f 429/675/1693 430/669/1694 414/653/1695 409/647/1696
usemtl pasted__lambert_blueSG
f 412/655/1697 432/676/1698 426/677/1699 420/683/1700
usemtl lambert3SG
f 427/678/1701 411/679/1702 415/680/1703 421/681/1704
f 409/650/1705 410/651/1706 411/679/1707
f 412/655/1708 413/670/1709 414/682/1710
f 415/680/1711 416/658/1712 417/671/1713
f 418/672/1714 419/659/1715 420/683/1716
f 421/657/1717 422/663/1718 423/673/1719
f 424/674/1720 425/664/1721 426/684/1722
f 427/662/1723 428/667/1724 429/675/1725
f 430/669/1726 431/668/1727 432/666/1728
g default
v -0.436505 0.015000 -0.563495
v -0.436505 0.063495 -0.515000
v -0.485000 0.063495 -0.563495
v 0.485000 0.063495 -0.563495
v 0.436505 0.063495 -0.515000
v 0.436505 0.015000 -0.563495
v -0.485000 0.936505 -0.563495
v -0.436505 0.936505 -0.515000
v -0.436505 0.985000 -0.563495
v 0.436505 0.985000 -0.563495
v 0.436505 0.936505 -0.515000
v 0.485000 0.936505 -0.563495
v -0.485000 0.936505 -1.436505
v -0.436505 0.985000 -1.436505
v -0.436505 0.936505 -1.485000
v 0.436505 0.936505 -1.485000
v 0.436505 0.985000 -1.436505
v 0.485000 0.936505 -1.436505
v -0.485000 0.063495 -1.436505
v -0.436505 0.063495 -1.485000
v -0.436505 0.015000 -1.436505
v 0.436505 0.015000 -1.436505
v 0.436505 0.063495 -1.485000
v 0.485000 0.063495 -1.436505
vt 0.079865 0.474035
vt 0.077009 0.474035
vt 0.077009 0.422627
vt 0.079865 0.248413
vt 0.079865 0.251269
vt 0.134128 0.474035
vt 0.131272 0.474035
vt 0.134128 0.422627
vt 0.136984 0.251269
vt 0.077009 0.308388
vt 0.077009 0.359796
vt 0.079865 0.302677
vt 0.131272 0.302677
vt 0.134128 0.308388
vt 0.077009 0.365508
vt 0.077009 0.416916
vt 0.079865 0.359796
vt 0.131272 0.359796
vt 0.134128 0.365508
vt 0.134128 0.416916
vt 0.079865 0.416916
vt 0.131272 0.416916
vt 0.131272 0.422627
vt 0.131272 0.251269
vt 0.079865 0.308388
vt 0.131272 0.308388
vt 0.079865 0.365508
vt 0.131272 0.365508
vt 0.079865 0.422627
vt 0.188392 0.251269
vt 0.188392 0.302677
vt 0.022745 0.251269
vt 0.074153 0.251269
vt 0.074153 0.302677
vt 0.022745 0.302677
vt 0.131272 0.248413
vt 0.136984 0.302677
vt 0.134128 0.359796
vn -0.707107 -0.707107 0.000000
vn -0.707107 -0.707107 0.000000
vn -0.707107 -0.707107 0.000000
vn -0.707107 -0.707107 0.000000
vn 0.000000 -0.707107 0.707107
vn 0.000000 -0.707107 0.707107
vn 0.000000 -0.707107 0.707107
vn 0.000000 -0.707107 0.707107
vn -0.707107 0.000000 0.707107
vn -0.707107 0.000000 0.707107
vn -0.707107 0.000000 0.707107
vn -0.707107 0.000000 0.707107
vn 0.707107 -0.707107 0.000000
vn 0.707107 -0.707107 0.000000
vn 0.707107 -0.707107 0.000000
vn 0.707107 -0.707107 0.000000
vn 0.707107 0.000000 0.707107
vn 0.707107 0.000000 0.707107
vn 0.707107 0.000000 0.707107
vn 0.707107 0.000000 0.707107
vn -0.707107 0.707107 0.000000
vn -0.707107 0.707107 0.000000
vn -0.707107 0.707107 0.000000
vn -0.707107 0.707107 0.000000
vn 0.000000 0.707107 0.707107
vn 0.000000 0.707107 0.707107
vn 0.000000 0.707107 0.707107
vn 0.000000 0.707107 0.707107
vn 0.707107 0.707107 0.000000
vn 0.707107 0.707107 0.000000
vn 0.707107 0.707107 0.000000
vn 0.707107 0.707107 0.000000
vn -0.707107 0.000000 -0.707107
vn -0.707107 0.000000 -0.707107
vn -0.707107 0.000000 -0.707107
vn -0.707107 0.000000 -0.707107
vn 0.000000 0.707107 -0.707107
vn 0.000000 0.707107 -0.707107
vn 0.000000 0.707107 -0.707107
vn 0.000000 0.707107 -0.707107
vn 0.707107 0.000000 -0.707107
vn 0.707107 0.000000 -0.707107
vn 0.707107 0.000000 -0.707107
vn 0.707107 0.000000 -0.707107
vn 0.000000 -0.707107 -0.707107
vn 0.000000 -0.707107 -0.707107
vn 0.000000 -0.707107 -0.707107
vn 0.000000 -0.707107 -0.707107
vn 0.000000 0.000000 1.000000
vn 0.000000 0.000000 1.000000
vn 0.000000 0.000000 1.000000
vn 0.000000 0.000000 1.000000
vn 0.000000 1.000000 0.000000
vn 0.000000 1.000000 0.000000
vn 0.000000 1.000000 0.000000
vn 0.000000 1.000000 0.000000
vn 0.000000 0.000000 -1.000000
vn 0.000000 0.000000 -1.000000
vn 0.000000 0.000000 -1.000000
vn 0.000000 0.000000 -1.000000
vn 0.000000 -1.000000 0.000000
vn 0.000000 -1.000000 0.000000
vn 0.000000 -1.000000 0.000000
vn 0.000000 -1.000000 0.000000
vn 1.000000 0.000000 0.000000
vn 1.000000 0.000000 0.000000
vn 1.000000 0.000000 0.000000
vn 1.000000 0.000000 0.000000
vn -1.000000 0.000000 0.000000
vn -1.000000 0.000000 0.000000
vn -1.000000 0.000000 0.000000
vn -1.000000 0.000000 0.000000
vn -0.577350 -0.577350 0.577350
vn -0.577350 -0.577350 0.577350
vn -0.577350 -0.577350 0.577350
vn 0.577350 -0.577350 0.577350
vn 0.577350 -0.577350 0.577350
vn 0.577350 -0.577350 0.577350
vn -0.577350 0.577350 0.577350
vn -0.577350 0.577350 0.577350
vn -0.577350 0.577350 0.577350
vn 0.577350 0.577350 0.577350
vn 0.577350 0.577350 0.577350
vn 0.577350 0.577350 0.577350
vn -0.577350 0.577350 -0.577350
vn -0.577350 0.577350 -0.577350
vn -0.577350 0.577350 -0.577350
vn 0.577350 0.577350 -0.577350
vn 0.577350 0.577350 -0.577350
vn 0.577350 0.577350 -0.577350
vn -0.577350 -0.577350 -0.577350
vn -0.577350 -0.577350 -0.577350
vn -0.577350 -0.577350 -0.577350
vn 0.577350 -0.577350 -0.577350
vn 0.577350 -0.577350 -0.577350
vn 0.577350 -0.577350 -0.577350
s off
g geo_grp edge_GW_geo
usemtl lambert3SG
f 433/685/1729 435/686/1730 451/687/1731 453/713/1732
f 434/689/1733 433/688/1734 438/720/1735 437/708/1736
f 435/717/1737 434/689/1738 440/696/1739 439/718/1740
f 436/690/1741 438/691/1742 454/707/1743 456/692/1744
f 437/708/1745 436/693/1746 444/721/1747 443/697/1748
f 439/694/1749 441/709/1750 446/701/1751 445/695/1752
f 441/709/1753 440/696/1754 443/697/1755 442/710/1756
f 442/710/1757 444/698/1758 450/722/1759 449/702/1760
f 445/699/1761 447/711/1762 452/705/1763 451/700/1764
f 447/711/1765 446/701/1766 449/702/1767 448/712/1768
f 448/712/1769 450/703/1770 456/704/1771 455/706/1772
f 453/713/1773 452/705/1774 455/706/1775 454/707/1776
f 434/689/1777 437/708/1778 443/697/1779 440/696/1780
f 441/709/1781 442/710/1782 449/702/1783 446/701/1784
usemtl lambert4SG
f 447/711/1785 448/712/1786 455/706/1787 452/705/1788
usemtl lambert6SG
f 453/713/1789 454/707/1790 438/691/1791 433/685/1792
usemtl lambert3SG
f 436/693/1793 456/714/1794 450/715/1795 444/721/1796
f 451/716/1797 435/717/1798 439/718/1799 445/719/1800
f 433/688/1801 434/689/1802 435/717/1803
f 436/693/1804 437/708/1805 438/720/1806
f 439/718/1807 440/696/1808 441/709/1809
f 442/710/1810 443/697/1811 444/721/1812
f 445/695/1813 446/701/1814 447/711/1815
f 448/712/1816 449/702/1817 450/722/1818
f 451/700/1819 452/705/1820 453/713/1821
f 454/707/1822 455/706/1823 456/704/1824
g default
v -1.436505 0.015000 0.436505
v -1.436505 0.063495 0.485000
v -1.485000 0.063495 0.436505
v -0.515000 0.063495 0.436505
v -0.563495 0.063495 0.485000
v -0.563495 0.015000 0.436505
v -1.485000 0.936505 0.436505
v -1.436505 0.936505 0.485000
v -1.436505 0.985000 0.436505
v -0.563495 0.985000 0.436505
v -0.563495 0.936505 0.485000
v -0.515000 0.936505 0.436505
v -1.485000 0.936505 -0.436505
v -1.436505 0.985000 -0.436505
v -1.436505 0.936505 -0.485000
v -0.563495 0.936505 -0.485000
v -0.563495 0.985000 -0.436505
v -0.515000 0.936505 -0.436505
v -1.485000 0.063495 -0.436505
v -1.436505 0.063495 -0.485000
v -1.436505 0.015000 -0.436505
v -0.563495 0.015000 -0.436505
v -0.563495 0.063495 -0.485000
v -0.515000 0.063495 -0.436505
vt 0.194226 0.526488
vt 0.191370 0.526488
vt 0.191370 0.475080
vt 0.194226 0.300866
vt 0.194226 0.303722
vt 0.248489 0.526488
vt 0.245634 0.526488
vt 0.248489 0.475080
vt 0.251345 0.303722
vt 0.191370 0.360841
vt 0.191370 0.412249
vt 0.194226 0.355130
vt 0.245634 0.355130
vt 0.248489 0.360841
vt 0.191370 0.417960
vt 0.191370 0.469368
vt 0.194226 0.412249
vt 0.245634 0.412249
vt 0.248489 0.417960
vt 0.248489 0.469368
vt 0.194226 0.469368
vt 0.245634 0.469368
vt 0.245634 0.475080
vt 0.245634 0.303722
vt 0.194226 0.360841
vt 0.245634 0.360841
vt 0.194226 0.417960
vt 0.245634 0.417960
vt 0.194226 0.475080
vt 0.302753 0.303722
vt 0.302753 0.355130
vt 0.137107 0.303722
vt 0.188515 0.303722
vt 0.188515 0.355130
vt 0.137107 0.355130
vt 0.245634 0.300866
vt 0.251345 0.355130
vt 0.248489 0.412249
vn -0.707107 -0.707107 0.000000
vn -0.707107 -0.707107 0.000000
vn -0.707107 -0.707107 0.000000
vn -0.707107 -0.707107 0.000000
vn 0.000000 -0.707107 0.707107
vn 0.000000 -0.707107 0.707107
vn 0.000000 -0.707107 0.707107
vn 0.000000 -0.707107 0.707107
vn -0.707107 0.000000 0.707107
vn -0.707107 0.000000 0.707107
vn -0.707107 0.000000 0.707107
vn -0.707107 0.000000 0.707107
vn 0.707107 -0.707107 0.000000
vn 0.707107 -0.707107 0.000000
vn 0.707107 -0.707107 0.000000
vn 0.707107 -0.707107 0.000000
vn 0.707107 0.000000 0.707107
vn 0.707107 0.000000 0.707107
vn 0.707107 0.000000 0.707107
vn 0.707107 0.000000 0.707107
vn -0.707107 0.707107 0.000000
vn -0.707107 0.707107 0.000000
vn -0.707107 0.707107 0.000000
vn -0.707107 0.707107 0.000000
vn 0.000000 0.707107 0.707107
vn 0.000000 0.707107 0.707107
vn 0.000000 0.707107 0.707107
vn 0.000000 0.707107 0.707107
vn 0.707107 0.707107 0.000000
vn 0.707107 0.707107 0.000000
vn 0.707107 0.707107 0.000000
vn 0.707107 0.707107 0.000000
vn -0.707107 0.000000 -0.707107
vn -0.707107 0.000000 -0.707107
vn -0.707107 0.000000 -0.707107
vn -0.707107 0.000000 -0.707107
vn 0.000000 0.707107 -0.707107
vn 0.000000 0.707107 -0.707107
vn 0.000000 0.707107 -0.707107
vn 0.000000 0.707107 -0.707107
vn 0.707107 0.000000 -0.707107
vn 0.707107 0.000000 -0.707107
vn 0.707107 0.000000 -0.707107
vn 0.707107 0.000000 -0.707107
vn 0.000000 -0.707107 -0.707107
vn 0.000000 -0.707107 -0.707107
vn 0.000000 -0.707107 -0.707107
vn 0.000000 -0.707107 -0.707107
vn 0.000000 0.000000 1.000000
vn 0.000000 0.000000 1.000000
vn 0.000000 0.000000 1.000000
vn 0.000000 0.000000 1.000000
vn 0.000000 1.000000 0.000000
vn 0.000000 1.000000 0.000000
vn 0.000000 1.000000 0.000000
vn 0.000000 1.000000 0.000000
vn 0.000000 0.000000 -1.000000
vn 0.000000 0.000000 -1.000000
vn 0.000000 0.000000 -1.000000
vn 0.000000 0.000000 -1.000000
vn 0.000000 -1.000000 0.000000
vn 0.000000 -1.000000 0.000000
vn 0.000000 -1.000000 0.000000
vn 0.000000 -1.000000 0.000000
vn 1.000000 0.000000 0.000000
vn 1.000000 0.000000 0.000000
vn 1.000000 0.000000 0.000000
vn 1.000000 0.000000 0.000000
vn -1.000000 0.000000 0.000000
vn -1.000000 0.000000 0.000000
vn -1.000000 0.000000 0.000000
vn -1.000000 0.000000 0.000000
vn -0.577350 -0.577350 0.577350
vn -0.577350 -0.577350 0.577350
vn -0.577350 -0.577350 0.577350
vn 0.577350 -0.577350 0.577350
vn 0.577350 -0.577350 0.577350
vn 0.577350 -0.577350 0.577350
vn -0.577350 0.577350 0.577350
vn -0.577350 0.577350 0.577350
vn -0.577350 0.577350 0.577350
vn 0.577350 0.577350 0.577350
vn 0.577350 0.577350 0.577350
vn 0.577350 0.577350 0.577350
vn -0.577350 0.577350 -0.577350
vn -0.577350 0.577350 -0.577350
vn -0.577350 0.577350 -0.577350
vn 0.577350 0.577350 -0.577350
vn 0.577350 0.577350 -0.577350
vn 0.577350 0.577350 -0.577350
vn -0.577350 -0.577350 -0.577350
vn -0.577350 -0.577350 -0.577350
vn -0.577350 -0.577350 -0.577350
vn 0.577350 -0.577350 -0.577350
vn 0.577350 -0.577350 -0.577350
vn 0.577350 -0.577350 -0.577350
s off
g geo_grp edge_OW_geo
usemtl lambert3SG
f 457/723/1825 459/724/1826 475/725/1827 477/751/1828
f 458/727/1829 457/726/1830 462/758/1831 461/746/1832
f 459/755/1833 458/727/1834 464/734/1835 463/756/1836
f 460/728/1837 462/729/1838 478/745/1839 480/730/1840
f 461/746/1841 460/731/1842 468/759/1843 467/735/1844
f 463/732/1845 465/747/1846 470/739/1847 469/733/1848
f 465/747/1849 464/734/1850 467/735/1851 466/748/1852
f 466/748/1853 468/736/1854 474/760/1855 473/740/1856
f 469/737/1857 471/749/1858 476/743/1859 475/738/1860
f 471/749/1861 470/739/1862 473/740/1863 472/750/1864
f 472/750/1865 474/741/1866 480/742/1867 479/744/1868
f 477/751/1869 476/743/1870 479/744/1871 478/745/1872
f 458/727/1873 461/746/1874 467/735/1875 464/734/1876
f 465/747/1877 466/748/1878 473/740/1879 470/739/1880
f 471/749/1881 472/750/1882 479/744/1883 476/743/1884
usemtl lambert6SG
f 477/751/1885 478/745/1886 462/729/1887 457/723/1888
usemtl lambert3SG
f 460/731/1889 480/752/1890 474/753/1891 468/759/1892
usemtl lambert5SG
f 475/754/1893 459/755/1894 463/756/1895 469/757/1896
usemtl lambert3SG
f 457/726/1897 458/727/1898 459/755/1899
f 460/731/1900 461/746/1901 462/758/1902
f 463/756/1903 464/734/1904 465/747/1905
f 466/748/1906 467/735/1907 468/759/1908
f 469/733/1909 470/739/1910 471/749/1911
f 472/750/1912 473/740/1913 474/760/1914
f 475/738/1915 476/743/1916 477/751/1917
f 478/745/1918 479/744/1919 480/742/1920
g default
v 0.563495 0.015000 0.436505
v 0.563495 0.063495 0.485000
v 0.515000 0.063495 0.436505
v 1.485000 0.063495 0.436505
v 1.436505 0.063495 0.485000
v 1.436505 0.015000 0.436505
v 0.515000 0.936505 0.436505
v 0.563495 0.936505 0.485000
v 0.563495 0.985000 0.436505
v 1.436505 0.985000 0.436505
v 1.436505 0.936505 0.485000
v 1.485000 0.936505 0.436505
v 0.515000 0.936505 -0.436505
v 0.563495 0.985000 -0.436505
v 0.563495 0.936505 -0.485000
v 1.436505 0.936505 -0.485000
v 1.436505 0.985000 -0.436505
v 1.485000 0.936505 -0.436505
v 0.515000 0.063495 -0.436505
v 0.563495 0.063495 -0.485000
v 0.563495 0.015000 -0.436505
v 1.436505 0.015000 -0.436505
v 1.436505 0.063495 -0.485000
v 1.485000 0.063495 -0.436505
vt 0.656436 0.248413
vt 0.653581 0.248413
vt 0.653581 0.197006
vt 0.656436 0.022792
vt 0.656436 0.025648
vt 0.710700 0.248413
vt 0.707844 0.248413
vt 0.710700 0.197006
vt 0.713555 0.025648
vt 0.653581 0.082767
vt 0.653581 0.134175
vt 0.656436 0.077056
vt 0.707844 0.077056
vt 0.710700 0.082767
vt 0.653581 0.139886
vt 0.653581 0.191294
vt 0.656436 0.134175
vt 0.707844 0.134175
vt 0.710700 0.139886
vt 0.710700 0.191294
vt 0.656436 0.191294
vt 0.707844 0.191294
vt 0.707844 0.197006
vt 0.707844 0.025648
vt 0.656436 0.082767
vt 0.707844 0.082767
vt 0.656436 0.139886
vt 0.707844 0.139886
vt 0.656436 0.197006
vt 0.764963 0.025648
vt 0.764963 0.077056
vt 0.599317 0.025648
vt 0.650725 0.025648
vt 0.650725 0.077056
vt 0.599317 0.077056
vt 0.707844 0.022792
vt 0.713555 0.077056
vt 0.710700 0.134175
vn -0.707107 -0.707107 0.000000
vn -0.707107 -0.707107 0.000000
vn -0.707107 -0.707107 0.000000
vn -0.707107 -0.707107 0.000000
vn 0.000000 -0.707107 0.707107
vn 0.000000 -0.707107 0.707107
vn 0.000000 -0.707107 0.707107
vn 0.000000 -0.707107 0.707107
vn -0.707107 0.000000 0.707107
vn -0.707107 0.000000 0.707107
vn -0.707107 0.000000 0.707107
vn -0.707107 0.000000 0.707107
vn 0.707107 -0.707107 0.000000
vn 0.707107 -0.707107 0.000000
vn 0.707107 -0.707107 0.000000
vn 0.707107 -0.707107 0.000000
vn 0.707107 0.000000 0.707107
vn 0.707107 0.000000 0.707107
vn 0.707107 0.000000 0.707107
vn 0.707107 0.000000 0.707107
vn -0.707107 0.707107 0.000000
vn -0.707107 0.707107 0.000000
vn -0.707107 0.707107 0.000000
vn -0.707107 0.707107 0.000000
vn 0.000000 0.707107 0.707107
vn 0.000000 0.707107 0.707107
vn 0.000000 0.707107 0.707107
vn 0.000000 0.707107 0.707107
vn 0.707107 0.707107 0.000000
vn 0.707107 0.707107 0.000000
vn 0.707107 0.707107 0.000000
vn 0.707107 0.707107 0.000000
vn -0.707107 0.000000 -0.707107
vn -0.707107 0.000000 -0.707107
vn -0.707107 0.000000 -0.707107
vn -0.707107 0.000000 -0.707107
vn 0.000000 0.707107 -0.707107
vn 0.000000 0.707107 -0.707107
vn 0.000000 0.707107 -0.707107
vn 0.000000 0.707107 -0.707107
vn 0.707107 0.000000 -0.707107
vn 0.707107 0.000000 -0.707107
vn 0.707107 0.000000 -0.707107
vn 0.707107 0.000000 -0.707107
vn 0.000000 -0.707107 -0.707107
vn 0.000000 -0.707107 -0.707107
vn 0.000000 -0.707107 -0.707107
vn 0.000000 -0.707107 -0.707107
vn 0.000000 0.000000 1.000000
vn 0.000000 0.000000 1.000000
vn 0.000000 0.000000 1.000000
vn 0.000000 0.000000 1.000000
vn 0.000000 1.000000 0.000000
vn 0.000000 1.000000 0.000000
vn 0.000000 1.000000 0.000000
vn 0.000000 1.000000 0.000000
vn 0.000000 0.000000 -1.000000
vn 0.000000 0.000000 -1.000000
vn 0.000000 0.000000 -1.000000
vn 0.000000 0.000000 -1.000000
vn 0.000000 -1.000000 0.000000
vn 0.000000 -1.000000 0.000000
vn 0.000000 -1.000000 0.000000
vn 0.000000 -1.000000 0.000000
vn 1.000000 0.000000 0.000000
vn 1.000000 0.000000 0.000000
vn 1.000000 0.000000 0.000000
vn 1.000000 0.000000 0.000000
vn -1.000000 0.000000 0.000000
vn -1.000000 0.000000 0.000000
vn -1.000000 0.000000 0.000000
vn -1.000000 0.000000 0.000000
vn -0.577350 -0.577350 0.577350
vn -0.577350 -0.577350 0.577350
vn -0.577350 -0.577350 0.577350
vn 0.577350 -0.577350 0.577350
vn 0.577350 -0.577350 0.577350
vn 0.577350 -0.577350 0.577350
vn -0.577350 0.577350 0.577350
vn -0.577350 0.577350 0.577350
vn -0.577350 0.577350 0.577350
vn 0.577350 0.577350 0.577350
vn 0.577350 0.577350 0.577350
vn 0.577350 0.577350 0.577350
vn -0.577350 0.577350 -0.577350
vn -0.577350 0.577350 -0.577350
vn -0.577350 0.577350 -0.577350
vn 0.577350 0.577350 -0.577350
vn 0.577350 0.577350 -0.577350
vn 0.577350 0.577350 -0.577350
vn -0.577350 -0.577350 -0.577350
vn -0.577350 -0.577350 -0.577350
vn -0.577350 -0.577350 -0.577350
vn 0.577350 -0.577350 -0.577350
vn 0.577350 -0.577350 -0.577350
vn 0.577350 -0.577350 -0.577350
s off
g geo_grp edge_RW_geo
usemtl lambert3SG
f 481/761/1921 483/762/1922 499/763/1923 501/789/1924
f 482/765/1925 481/764/1926 486/796/1927 485/784/1928
f 483/793/1929 482/765/1930 488/772/1931 487/794/1932
f 484/766/1933 486/767/1934 502/783/1935 504/768/1936
f 485/784/1937 484/769/1938 492/797/1939 491/773/1940
f 487/770/1941 489/785/1942 494/777/1943 493/771/1944
f 489/785/1945 488/772/1946 491/773/1947 490/786/1948
f 490/786/1949 492/774/1950 498/798/1951 497/778/1952
f 493/775/1953 495/787/1954 500/781/1955 499/776/1956
f 495/787/1957 494/777/1958 497/778/1959 496/788/1960
f 496/788/1961 498/779/1962 504/780/1963 503/782/1964
f 501/789/1965 500/781/1966 503/782/1967 502/783/1968
f 482/765/1969 485/784/1970 491/773/1971 488/772/1972
f 489/785/1973 490/786/1974 497/778/1975 494/777/1976
f 495/787/1977 496/788/1978 503/782/1979 500/781/1980
usemtl lambert6SG
f 501/789/1981 502/783/1982 486/767/1983 481/761/1984
usemtl pasted__lambert_blueSG
f 484/769/1985 504/790/1986 498/791/1987 492/797/1988
usemtl lambert3SG
f 499/792/1989 483/793/1990 487/794/1991 493/795/1992
f 481/764/1993 482/765/1994 483/793/1995
f 484/769/1996 485/784/1997 486/796/1998
f 487/794/1999 488/772/2000 489/785/2001
f 490/786/2002 491/773/2003 492/797/2004
f 493/771/2005 494/777/2006 495/787/2007
f 496/788/2008 497/778/2009 498/798/2010
f 499/776/2011 500/781/2012 501/789/2013
f 502/783/2014 503/782/2015 504/780/2016
g default
v -1.436505 1.015000 -0.563495
v -1.436505 1.063495 -0.515000
v -1.485000 1.063495 -0.563495
v -0.515000 1.063495 -0.563495
v -0.563495 1.063495 -0.515000
v -0.563495 1.015000 -0.563495
v -1.485000 1.936505 -0.563495
v -1.436505 1.936505 -0.515000
v -1.436505 1.985000 -0.563495
v -0.563495 1.985000 -0.563495
v -0.563495 1.936505 -0.515000
v -0.515000 1.936505 -0.563495
v -1.485000 1.936505 -1.436505
v -1.436505 1.985000 -1.436505
v -1.436505 1.936505 -1.485000
v -0.563495 1.936505 -1.485000
v -0.563495 1.985000 -1.436505
v -0.515000 1.936505 -1.436505
v -1.485000 1.063495 -1.436505
v -1.436505 1.063495 -1.485000
v -1.436505 1.015000 -1.436505
v -0.563495 1.015000 -1.436505
v -0.563495 1.063495 -1.485000
v -0.515000 1.063495 -1.436505
vt 0.079865 0.699656
vt 0.077009 0.699656
vt 0.077009 0.648248
vt 0.079865 0.474035
vt 0.079865 0.476890
vt 0.134128 0.699656
vt 0.131272 0.699656
vt 0.134128 0.648248
vt 0.136984 0.476890
vt 0.077009 0.534010
vt 0.077009 0.585418
vt 0.079865 0.528298
vt 0.131272 0.528298
vt 0.134128 0.534010
vt 0.077009 0.591129
vt 0.077009 0.642537
vt 0.079865 0.585418
vt 0.131272 0.585418
vt 0.134128 0.591129
vt 0.134128 0.642537
vt 0.079865 0.642537
vt 0.131272 0.642537
vt 0.131272 0.648248
vt 0.131272 0.476890
vt 0.079865 0.534010
vt 0.131272 0.534010
vt 0.079865 0.591129
vt 0.131272 0.591129
vt 0.079865 0.648248
vt 0.188392 0.476890
vt 0.188392 0.528298
vt 0.022745 0.476890
vt 0.074153 0.476890
vt 0.074153 0.528298
vt 0.022745 0.528298
vt 0.131272 0.474035
vt 0.136984 0.528298
vt 0.134128 0.585418
vn -0.707107 -0.707107 0.000000
vn -0.707107 -0.707107 0.000000
vn -0.707107 -0.707107 0.000000
vn -0.707107 -0.707107 0.000000
vn 0.000000 -0.707107 0.707107
vn 0.000000 -0.707107 0.707107
vn 0.000000 -0.707107 0.707107
vn 0.000000 -0.707107 0.707107
vn -0.707107 0.000000 0.707107
vn -0.707107 0.000000 0.707107
vn -0.707107 0.000000 0.707107
vn -0.707107 0.000000 0.707107
vn 0.707107 -0.707107 0.000000
vn 0.707107 -0.707107 0.000000
vn 0.707107 -0.707107 0.000000
vn 0.707107 -0.707107 0.000000
vn 0.707107 0.000000 0.707107
vn 0.707107 0.000000 0.707107
vn 0.707107 0.000000 0.707107
vn 0.707107 0.000000 0.707107
vn -0.707107 0.707107 0.000000
vn -0.707107 0.707107 0.000000
vn -0.707107 0.707107 0.000000
vn -0.707107 0.707107 0.000000
vn 0.000000 0.707107 0.707107
vn 0.000000 0.707107 0.707107
vn 0.000000 0.707107 0.707107
vn 0.000000 0.707107 0.707107
vn 0.707107 0.707107 0.000000
vn 0.707107 0.707107 0.000000
vn 0.707107 0.707107 0.000000
vn 0.707107 0.707107 0.000000
vn -0.707107 0.000000 -0.707107
vn -0.707107 0.000000 -0.707107
vn -0.707107 0.000000 -0.707107
vn -0.707107 0.000000 -0.707107
vn 0.000000 0.707107 -0.707107
vn 0.000000 0.707107 -0.707107
vn 0.000000 0.707107 -0.707107
vn 0.000000 0.707107 -0.707107
vn 0.707107 0.000000 -0.707107
vn 0.707107 0.000000 -0.707107
vn 0.707107 0.000000 -0.707107
vn 0.707107 0.000000 -0.707107
vn 0.000000 -0.707107 -0.707107
vn 0.000000 -0.707107 -0.707107
vn 0.000000 -0.707107 -0.707107
vn 0.000000 -0.707107 -0.707107
vn 0.000000 0.000000 1.000000
vn 0.000000 0.000000 1.000000
vn 0.000000 0.000000 1.000000
vn 0.000000 0.000000 1.000000
vn 0.000000 1.000000 0.000000
vn 0.000000 1.000000 0.000000
vn 0.000000 1.000000 0.000000
vn 0.000000 1.000000 0.000000
vn 0.000000 0.000000 -1.000000
vn 0.000000 0.000000 -1.000000
vn 0.000000 0.000000 -1.000000
vn 0.000000 0.000000 -1.000000
vn 0.000000 -1.000000 0.000000
vn 0.000000 -1.000000 0.000000
vn 0.000000 -1.000000 0.000000
vn 0.000000 -1.000000 0.000000
vn 1.000000 0.000000 0.000000
vn 1.000000 0.000000 0.000000
vn 1.000000 0.000000 0.000000
vn 1.000000 0.000000 0.000000
vn -1.000000 0.000000 0.000000
vn -1.000000 0.000000 0.000000
vn -1.000000 0.000000 0.000000
vn -1.000000 0.000000 0.000000
vn -0.577350 -0.577350 0.577350
vn -0.577350 -0.577350 0.577350
vn -0.577350 -0.577350 0.577350
vn 0.577350 -0.577350 0.577350
vn 0.577350 -0.577350 0.577350
vn 0.577350 -0.577350 0.577350
vn -0.577350 0.577350 0.577350
vn -0.577350 0.577350 0.577350
vn -0.577350 0.577350 0.577350
vn 0.577350 0.577350 0.577350
vn 0.577350 0.577350 0.577350
vn 0.577350 0.577350 0.577350
vn -0.577350 0.577350 -0.577350
vn -0.577350 0.577350 -0.577350
vn -0.577350 0.577350 -0.577350
vn 0.577350 0.577350 -0.577350
vn 0.577350 0.577350 -0.577350
vn 0.577350 0.577350 -0.577350
vn -0.577350 -0.577350 -0.577350
vn -0.577350 -0.577350 -0.577350
vn -0.577350 -0.577350 -0.577350
vn 0.577350 -0.577350 -0.577350
vn 0.577350 -0.577350 -0.577350
vn 0.577350 -0.577350 -0.577350
s off
g geo_grp edge_GO_geo
usemtl lambert3SG
f 505/799/2017 507/800/2018 523/801/2019 525/827/2020
f 506/803/2021 505/802/2022 510/834/2023 509/822/2024
f 507/831/2025 506/803/2026 512/810/2027 511/832/2028
f 508/804/2029 510/805/2030 526/821/2031 528/806/2032
f 509/822/2033 508/807/2034 516/835/2035 515/811/2036
f 511/808/2037 513/823/2038 518/815/2039 517/809/2040
f 513/823/2041 512/810/2042 515/811/2043 514/824/2044
f 514/824/2045 516/812/2046 522/836/2047 521/816/2048
f 517/813/2049 519/825/2050 524/819/2051 523/814/2052
f 519/825/2053 518/815/2054 521/816/2055 520/826/2056
f 520/826/2057 522/817/2058 528/818/2059 527/820/2060
f 525/827/2061 524/819/2062 527/820/2063 526/821/2064
f 506/803/2065 509/822/2066 515/811/2067 512/810/2068
f 513/823/2069 514/824/2070 521/816/2071 518/815/2072
usemtl lambert4SG
f 519/825/2073 520/826/2074 527/820/2075 524/819/2076
usemtl lambert3SG
f 525/827/2077 526/821/2078 510/805/2079 505/799/2080
f 508/807/2081 528/828/2082 522/829/2083 516/835/2084
usemtl lambert5SG
f 523/830/2085 507/831/2086 511/832/2087 517/833/2088
usemtl lambert3SG
f 505/802/2089 506/803/2090 507/831/2091
f 508/807/2092 509/822/2093 510/834/2094
f 511/832/2095 512/810/2096 513/823/2097
f 514/824/2098 515/811/2099 516/835/2100
f 517/809/2101 518/815/2102 519/825/2103
f 520/826/2104 521/816/2105 522/836/2106
f 523/814/2107 524/819/2108 525/827/2109
f 526/821/2110 527/820/2111 528/818/2112
g default
v 0.563495 1.015000 -0.563495
v 0.563495 1.063495 -0.515000
v 0.515000 1.063495 -0.563495
v 1.485000 1.063495 -0.563495
v 1.436505 1.063495 -0.515000
v 1.436505 1.015000 -0.563495
v 0.515000 1.936505 -0.563495
v 0.563495 1.936505 -0.515000
v 0.563495 1.985000 -0.563495
v 1.436505 1.985000 -0.563495
v 1.436505 1.936505 -0.515000
v 1.485000 1.936505 -0.563495
v 0.515000 1.936505 -1.436505
v 0.563495 1.985000 -1.436505
v 0.563495 1.936505 -1.485000
v 1.436505 1.936505 -1.485000
v 1.436505 1.985000 -1.436505
v 1.485000 1.936505 -1.436505
v 0.515000 1.063495 -1.436505
v 0.563495 1.063495 -1.485000
v 0.563495 1.015000 -1.436505
v 1.436505 1.015000 -1.436505
v 1.436505 1.063495 -1.485000
v 1.485000 1.063495 -1.436505
vt 0.770797 0.977208
vt 0.767942 0.977208
vt 0.767942 0.925800
vt 0.770797 0.751587
vt 0.770797 0.754442
vt 0.825061 0.977208
vt 0.822206 0.977208
vt 0.825061 0.925800
vt 0.827917 0.754442
vt 0.767942 0.811562
vt 0.767942 0.862969
vt 0.770797 0.805850
vt 0.822206 0.805850
vt 0.825061 0.811562
vt 0.767942 0.868681
vt 0.767942 0.920089
vt 0.770797 0.862969
vt 0.822206 0.862969
vt 0.825061 0.868681
vt 0.825061 0.920089
vt 0.770797 0.920089
vt 0.822206 0.920089
vt 0.822206 0.925800
vt 0.822206 0.754442
vt 0.770797 0.811562
vt 0.822206 0.811562
vt 0.770797 0.868681
vt 0.822206 0.868681
vt 0.770797 0.925800
vt 0.879325 0.754442
vt 0.879325 0.805850
vt 0.713678 0.754442
vt 0.765086 0.754442
vt 0.765086 0.805850
vt 0.713678 0.805850
vt 0.822206 0.751587
vt 0.827917 0.805850
vt 0.825061 0.862969
vn -0.707107 -0.707107 0.000000
vn -0.707107 -0.707107 0.000000
vn -0.707107 -0.707107 0.000000
vn -0.707107 -0.707107 0.000000
vn 0.000000 -0.707107 0.707107
vn 0.000000 -0.707107 0.707107
vn 0.000000 -0.707107 0.707107
vn 0.000000 -0.707107 0.707107
vn -0.707107 0.000000 0.707107
vn -0.707107 0.000000 0.707107
vn -0.707107 0.000000 0.707107
vn -0.707107 0.000000 0.707107
vn 0.707107 -0.707107 0.000000
vn 0.707107 -0.707107 0.000000
vn 0.707107 -0.707107 0.000000
vn 0.707107 -0.707107 0.000000
vn 0.707107 0.000000 0.707107
vn 0.707107 0.000000 0.707107
vn 0.707107 0.000000 0.707107
vn 0.707107 0.000000 0.707107
vn -0.707107 0.707107 0.000000
vn -0.707107 0.707107 0.000000
vn -0.707107 0.707107 0.000000
vn -0.707107 0.707107 0.000000
vn 0.000000 0.707107 0.707107
vn 0.000000 0.707107 0.707107
vn 0.000000 0.707107 0.707107
vn 0.000000 0.707107 0.707107
vn 0.707107 0.707107 0.000000
vn 0.707107 0.707107 0.000000
vn 0.707107 0.707107 0.000000
vn 0.707107 0.707107 0.000000
vn -0.707107 0.000000 -0.707107
vn -0.707107 0.000000 -0.707107
vn -0.707107 0.000000 -0.707107
vn -0.707107 0.000000 -0.707107
vn 0.000000 0.707107 -0.707107
vn 0.000000 0.707107 -0.707107
vn 0.000000 0.707107 -0.707107
vn 0.000000 0.707107 -0.707107
vn 0.707107 0.000000 -0.707107
vn 0.707107 0.000000 -0.707107
vn 0.707107 0.000000 -0.707107
vn 0.707107 0.000000 -0.707107
vn 0.000000 -0.707107 -0.707107
vn 0.000000 -0.707107 -0.707107
vn 0.000000 -0.707107 -0.707107
vn 0.000000 -0.707107 -0.707107
vn 0.000000 0.000000 1.000000
vn 0.000000 0.000000 1.000000
vn 0.000000 0.000000 1.000000
vn 0.000000 0.000000 1.000000
vn 0.000000 1.000000 0.000000
vn 0.000000 1.000000 0.000000
vn 0.000000 1.000000 0.000000
vn 0.000000 1.000000 0.000000
vn 0.000000 0.000000 -1.000000
vn 0.000000 0.000000 -1.000000
vn 0.000000 0.000000 -1.000000
vn 0.000000 0.000000 -1.000000
vn 0.000000 -1.000000 0.000000
vn 0.000000 -1.000000 0.000000
vn 0.000000 -1.000000 0.000000
vn 0.000000 -1.000000 0.000000
vn 1.000000 0.000000 0.000000
vn 1.000000 0.000000 0.000000
vn 1.000000 0.000000 0.000000
vn 1.000000 0.000000 0.000000
vn -1.000000 0.000000 0.000000
vn -1.000000 0.000000 0.000000
vn -1.000000 0.000000 0.000000
vn -1.000000 0.000000 0.000000
vn -0.577350 -0.577350 0.577350
vn -0.577350 -0.577350 0.577350
vn -0.577350 -0.577350 0.577350
vn 0.577350 -0.577350 0.577350
vn 0.577350 -0.577350 0.577350
vn 0.577350 -0.577350 0.577350
vn -0.577350 0.577350 0.577350
vn -0.577350 0.577350 0.577350
vn -0.577350 0.577350 0.577350
vn 0.577350 0.577350 0.577350
vn 0.577350 0.577350 0.577350
vn 0.577350 0.577350 0.577350
vn -0.577350 0.577350 -0.577350
vn -0.577350 0.577350 -0.577350
vn -0.577350 0.577350 -0.577350
vn 0.577350 0.577350 -0.577350
vn 0.577350 0.577350 -0.577350
vn 0.577350 0.577350 -0.577350
vn -0.577350 -0.577350 -0.577350
vn -0.577350 -0.577350 -0.577350
vn -0.577350 -0.577350 -0.577350
vn 0.577350 -0.577350 -0.577350
vn 0.577350 -0.577350 -0.577350
vn 0.577350 -0.577350 -0.577350
s off
g geo_grp edge_RG_geo
usemtl lambert3SG
f 529/837/2113 531/838/2114 547/839/2115 549/865/2116
f 530/841/2117 529/840/2118 534/872/2119 533/860/2120
f 531/869/2121 530/841/2122 536/848/2123 535/870/2124
f 532/842/2125 534/843/2126 550/859/2127 552/844/2128
f 533/860/2129 532/845/2130 540/873/2131 539/849/2132
f 535/846/2133 537/861/2134 542/853/2135 541/847/2136
f 537/861/2137 536/848/2138 539/849/2139 538/862/2140
f 538/862/2141 540/850/2142 546/874/2143 545/854/2144
f 541/851/2145 543/863/2146 548/857/2147 547/852/2148
f 543/863/2149 542/853/2150 545/854/2151 544/864/2152
f 544/864/2153 546/855/2154 552/856/2155 551/858/2156
f 549/865/2157 548/857/2158 551/858/2159 550/859/2160
f 530/841/2161 533/860/2162 539/849/2163 536/848/2164
f 537/861/2165 538/862/2166 545/854/2167 542/853/2168
usemtl lambert4SG
f 543/863/2169 544/864/2170 551/858/2171 548/857/2172
usemtl lambert3SG
f 549/865/2173 550/859/2174 534/843/2175 529/837/2176
usemtl pasted__lambert_blueSG
f 532/845/2177 552/866/2178 546/867/2179 540/873/2180
usemtl lambert3SG
f 547/868/2181 531/869/2182 535/870/2183 541/871/2184
f 529/840/2185 530/841/2186 531/869/2187
f 532/845/2188 533/860/2189 534/872/2190
f 535/870/2191 536/848/2192 537/861/2193
f 538/862/2194 539/849/2195 540/873/2196
f 541/847/2197 542/853/2198 543/863/2199
f 544/864/2200 545/854/2201 546/874/2202
f 547/852/2203 548/857/2204 549/865/2205
f 550/859/2206 551/858/2207 552/856/2208
g default
v -0.436505 0.015000 1.436505
v -0.436505 0.063495 1.485000
v -0.485000 0.063495 1.436505
v 0.485000 0.063495 1.436505
v 0.436505 0.063495 1.485000
v 0.436505 0.015000 1.436505
v -0.485000 0.936505 1.436505
v -0.436505 0.936505 1.485000
v -0.436505 0.985000 1.436505
v 0.436505 0.985000 1.436505
v 0.436505 0.936505 1.485000
v 0.485000 0.936505 1.436505
v -0.485000 0.936505 0.563495
v -0.436505 0.985000 0.563495
v -0.436505 0.936505 0.515000
v 0.436505 0.936505 0.515000
v 0.436505 0.985000 0.563495
v 0.485000 0.936505 0.563495
v -0.485000 0.063495 0.563495
v -0.436505 0.063495 0.515000
v -0.436505 0.015000 0.563495
v 0.436505 0.015000 0.563495
v 0.436505 0.063495 0.515000
v 0.485000 0.063495 0.563495
vt 0.194226 0.300344
vt 0.191370 0.300344
vt 0.191370 0.248936
vt 0.194226 0.074722
vt 0.194226 0.077578
vt 0.248489 0.300344
vt 0.245634 0.300344
vt 0.248489 0.248936
vt 0.251345 0.077578
vt 0.191370 0.134697
vt 0.191370 0.186105
vt 0.194226 0.128986
vt 0.245634 0.128986
vt 0.248489 0.134697
vt 0.191370 0.191817
vt 0.191370 0.243225
vt 0.194226 0.186105
vt 0.245634 0.186105
vt 0.248489 0.191817
vt 0.248489 0.243225
vt 0.194226 0.243225
vt 0.245634 0.243224
vt 0.245634 0.248936
vt 0.245634 0.077578
vt 0.194226 0.134697
vt 0.245634 0.134697
vt 0.194226 0.191817
vt 0.245634 0.191817
vt 0.194226 0.248936
vt 0.302753 0.077578
vt 0.302753 0.128986
vt 0.137107 0.077578
vt 0.188515 0.077578
vt 0.188515 0.128986
vt 0.137107 0.128986
vt 0.245634 0.074722
vt 0.251345 0.128986
vt 0.248489 0.186105
vn -0.707107 -0.707107 0.000000
vn -0.707107 -0.707107 0.000000
vn -0.707107 -0.707107 0.000000
vn -0.707107 -0.707107 0.000000
vn 0.000000 -0.707107 0.707107
vn 0.000000 -0.707107 0.707107
vn 0.000000 -0.707107 0.707107
vn 0.000000 -0.707107 0.707107
vn -0.707107 0.000000 0.707107
vn -0.707107 0.000000 0.707107
vn -0.707107 0.000000 0.707107
vn -0.707107 0.000000 0.707107
vn 0.707107 -0.707107 0.000000
vn 0.707107 -0.707107 0.000000
vn 0.707107 -0.707107 0.000000
vn 0.707107 -0.707107 0.000000
vn 0.707107 0.000000 0.707107
vn 0.707107 0.000000 0.707107
vn 0.707107 0.000000 0.707107
vn 0.707107 0.000000 0.707107
vn -0.707107 0.707107 0.000000
vn -0.707107 0.707107 0.000000
vn -0.707107 0.707107 0.000000
vn -0.707107 0.707107 0.000000
vn 0.000000 0.707107 0.707107
vn 0.000000 0.707107 0.707107
vn 0.000000 0.707107 0.707107
vn 0.000000 0.707107 0.707107
vn 0.707107 0.707107 0.000000
vn 0.707107 0.707107 0.000000
vn 0.707107 0.707107 0.000000
vn 0.707107 0.707107 0.000000
vn -0.707107 0.000000 -0.707107
vn -0.707107 0.000000 -0.707107
vn -0.707107 0.000000 -0.707107
vn -0.707107 0.000000 -0.707107
vn 0.000000 0.707107 -0.707107
vn 0.000000 0.707107 -0.707107
vn 0.000000 0.707107 -0.707107
vn 0.000000 0.707107 -0.707107
vn 0.707107 0.000000 -0.707107
vn 0.707107 0.000000 -0.707107
vn 0.707107 0.000000 -0.707107
vn 0.707107 0.000000 -0.707107
vn 0.000000 -0.707107 -0.707107
vn 0.000000 -0.707107 -0.707107
vn 0.000000 -0.707107 -0.707107
vn 0.000000 -0.707107 -0.707107
vn 0.000000 0.000000 1.000000
vn 0.000000 0.000000 1.000000
vn 0.000000 0.000000 1.000000
vn 0.000000 0.000000 1.000000
vn 0.000000 1.000000 0.000000
vn 0.000000 1.000000 0.000000
vn 0.000000 1.000000 0.000000
vn 0.000000 1.000000 0.000000
vn 0.000000 0.000000 -1.000000
vn 0.000000 0.000000 -1.000000
vn 0.000000 0.000000 -1.000000
vn 0.000000 0.000000 -1.000000
vn 0.000000 -1.000000 0.000000
vn 0.000000 -1.000000 0.000000
vn 0.000000 -1.000000 0.000000
vn 0.000000 -1.000000 0.000000
vn 1.000000 0.000000 0.000000
vn 1.000000 0.000000 0.000000
vn 1.000000 0.000000 0.000000
vn 1.000000 0.000000 0.000000
vn -1.000000 0.000000 0.000000
vn -1.000000 0.000000 0.000000
vn -1.000000 0.000000 0.000000
vn -1.000000 0.000000 0.000000
vn -0.577350 -0.577350 0.577350
vn -0.577350 -0.577350 0.577350
vn -0.577350 -0.577350 0.577350
vn 0.577350 -0.577350 0.577350
vn 0.577350 -0.577350 0.577350
vn 0.577350 -0.577350 0.577350
vn -0.577350 0.577350 0.577350
vn -0.577350 0.577350 0.577350
vn -0.577350 0.577350 0.577350
vn 0.577350 0.577350 0.577350
vn 0.577350 0.577350 0.577350
vn 0.577350 0.577350 0.577350
vn -0.577350 0.577350 -0.577350
vn -0.577350 0.577350 -0.577350
vn -0.577350 0.577350 -0.577350
vn 0.577350 0.577350 -0.577350
vn 0.577350 0.577350 -0.577350
vn 0.577350 0.577350 -0.577350
vn -0.577350 -0.577350 -0.577350
vn -0.577350 -0.577350 -0.577350
vn -0.577350 -0.577350 -0.577350
vn 0.577350 -0.577350 -0.577350
vn 0.577350 -0.577350 -0.577350
vn 0.577350 -0.577350 -0.577350
s off
g geo_grp edge_BW_geo
usemtl lambert3SG
f 553/875/2209 555/876/2210 571/877/2211 573/903/2212
f 554/879/2213 553/878/2214 558/910/2215 557/898/2216
f 555/907/2217 554/879/2218 560/886/2219 559/908/2220
f 556/880/2221 558/881/2222 574/897/2223 576/882/2224
f 557/898/2225 556/883/2226 564/911/2227 563/887/2228
f 559/884/2229 561/899/2230 566/891/2231 565/885/2232
f 561/899/2233 560/886/2234 563/887/2235 562/900/2236
f 562/900/2237 564/888/2238 570/912/2239 569/892/2240
f 565/889/2241 567/901/2242 572/895/2243 571/890/2244
f 567/901/2245 566/891/2246 569/892/2247 568/902/2248
f 568/902/2249 570/893/2250 576/894/2251 575/896/2252
f 573/903/2253 572/895/2254 575/896/2255 574/897/2256
usemtl lambert2SG
f 554/879/2257 557/898/2258 563/887/2259 560/886/2260
usemtl lambert3SG
f 561/899/2261 562/900/2262 569/892/2263 566/891/2264
usemtl lambert6SG
f 567/901/2265 568/902/2266 575/896/2267 572/895/2268
f 573/903/2269 574/897/2270 558/881/2271 553/875/2272
usemtl lambert3SG
f 556/883/2273 576/904/2274 570/905/2275 564/911/2276
f 571/906/2277 555/907/2278 559/908/2279 565/909/2280
f 553/878/2281 554/879/2282 555/907/2283
f 556/883/2284 557/898/2285 558/910/2286
f 559/908/2287 560/886/2288 561/899/2289
f 562/900/2290 563/887/2291 564/911/2292
f 565/885/2293 566/891/2294 567/901/2295
f 568/902/2296 569/892/2297 570/912/2298
f 571/890/2299 572/895/2300 573/903/2301
f 574/897/2302 575/896/2303 576/894/2304
g default
v -0.436505 2.015000 1.436505
v -0.436505 2.063495 1.485000
v -0.485000 2.063495 1.436505
v 0.485000 2.063495 1.436505
v 0.436505 2.063495 1.485000
v 0.436505 2.015000 1.436505
v -0.485000 2.936505 1.436505
v -0.436505 2.936505 1.485000
v -0.436505 2.985000 1.436505
v 0.436505 2.985000 1.436505
v 0.436505 2.936505 1.485000
v 0.485000 2.936505 1.436505
v -0.485000 2.936505 0.563495
v -0.436505 2.985000 0.563495
v -0.436505 2.936505 0.515000
v 0.436505 2.936505 0.515000
v 0.436505 2.985000 0.563495
v 0.485000 2.936505 0.563495
v -0.485000 2.063495 0.563495
v -0.436505 2.063495 0.515000
v -0.436505 2.015000 0.563495
v 0.436505 2.015000 0.563495
v 0.436505 2.063495 0.515000
v 0.485000 2.063495 0.563495
vt 0.770797 0.525965
vt 0.767942 0.525965
vt 0.767942 0.474557
vt 0.770797 0.300344
vt 0.770797 0.303199
vt 0.825061 0.525965
vt 0.822205 0.525965
vt 0.825061 0.474557
vt 0.827917 0.303199
vt 0.767942 0.360319
vt 0.767942 0.411727
vt 0.770797 0.354607
vt 0.822205 0.354607
vt 0.825061 0.360319
vt 0.767942 0.417438
vt 0.767942 0.468846
vt 0.770797 0.411727
vt 0.822205 0.411727
vt 0.825061 0.417438
vt 0.825061 0.468846
vt 0.770797 0.468846
vt 0.822205 0.468846
vt 0.822205 0.474557
vt 0.822205 0.303199
vt 0.770797 0.360319
vt 0.822205 0.360319
vt 0.770797 0.417438
vt 0.822205 0.417438
vt 0.770797 0.474557
vt 0.879325 0.303199
vt 0.879325 0.354607
vt 0.713678 0.303199
vt 0.765086 0.303199
vt 0.765086 0.354607
vt 0.713678 0.354607
vt 0.822205 0.300344
vt 0.827917 0.354607
vt 0.825061 0.411727
vn -0.707107 -0.707107 0.000000
vn -0.707107 -0.707107 0.000000
vn -0.707107 -0.707107 0.000000
vn -0.707107 -0.707107 0.000000
vn 0.000000 -0.707107 0.707107
vn 0.000000 -0.707107 0.707107
vn 0.000000 -0.707107 0.707107
vn 0.000000 -0.707107 0.707107
vn -0.707107 0.000000 0.707107
vn -0.707107 0.000000 0.707107
vn -0.707107 0.000000 0.707107
vn -0.707107 0.000000 0.707107
vn 0.707107 -0.707107 0.000000
vn 0.707107 -0.707107 0.000000
vn 0.707107 -0.707107 0.000000
vn 0.707107 -0.707107 0.000000
vn 0.707107 0.000000 0.707107
vn 0.707107 0.000000 0.707107
vn 0.707107 0.000000 0.707107
vn 0.707107 0.000000 0.707107
vn -0.707107 0.707107 0.000000
vn -0.707107 0.707107 0.000000
vn -0.707107 0.707107 0.000000
vn -0.707107 0.707107 0.000000
vn 0.000000 0.707107 0.707107
vn 0.000000 0.707107 0.707107
vn 0.000000 0.707107 0.707107
vn 0.000000 0.707107 0.707107
vn 0.707107 0.707107 0.000000
vn 0.707107 0.707107 0.000000
vn 0.707107 0.707107 0.000000
vn 0.707107 0.707107 0.000000
vn -0.707107 0.000000 -0.707107
vn -0.707107 0.000000 -0.707107
vn -0.707107 0.000000 -0.707107
vn -0.707107 0.000000 -0.707107
vn 0.000000 0.707107 -0.707107
vn 0.000000 0.707107 -0.707107
vn 0.000000 0.707107 -0.707107
vn 0.000000 0.707107 -0.707107
vn 0.707107 0.000000 -0.707107
vn 0.707107 0.000000 -0.707107
vn 0.707107 0.000000 -0.707107
vn 0.707107 0.000000 -0.707107
vn 0.000000 -0.707107 -0.707107
vn 0.000000 -0.707107 -0.707107
vn 0.000000 -0.707107 -0.707107
vn 0.000000 -0.707107 -0.707107
vn 0.000000 0.000000 1.000000
vn 0.000000 0.000000 1.000000
vn 0.000000 0.000000 1.000000
vn 0.000000 0.000000 1.000000
vn 0.000000 1.000000 0.000000
vn 0.000000 1.000000 0.000000
vn 0.000000 1.000000 0.000000
vn 0.000000 1.000000 0.000000
vn 0.000000 0.000000 -1.000000
vn 0.000000 0.000000 -1.000000
vn 0.000000 0.000000 -1.000000
vn 0.000000 0.000000 -1.000000
vn 0.000000 -1.000000 0.000000
vn 0.000000 -1.000000 0.000000
vn 0.000000 -1.000000 0.000000
vn 0.000000 -1.000000 0.000000
vn 1.000000 0.000000 0.000000
vn 1.000000 0.000000 0.000000
vn 1.000000 0.000000 0.000000
vn 1.000000 0.000000 0.000000
vn -1.000000 0.000000 0.000000
vn -1.000000 0.000000 0.000000
vn -1.000000 0.000000 0.000000
vn -1.000000 0.000000 0.000000
vn -0.577350 -0.577350 0.577350
vn -0.577350 -0.577350 0.577350
vn -0.577350 -0.577350 0.577350
vn 0.577350 -0.577350 0.577350
vn 0.577350 -0.577350 0.577350
vn 0.577350 -0.577350 0.577350
vn -0.577350 0.577350 0.577350
vn -0.577350 0.577350 0.577350
vn -0.577350 0.577350 0.577350
vn 0.577350 0.577350 0.577350
vn 0.577350 0.577350 0.577350
vn 0.577350 0.577350 0.577350
vn -0.577350 0.577350 -0.577350
vn -0.577350 0.577350 -0.577350
vn -0.577350 0.577350 -0.577350
vn 0.577350 0.577350 -0.577350
vn 0.577350 0.577350 -0.577350
vn 0.577350 0.577350 -0.577350
vn -0.577350 -0.577350 -0.577350
vn -0.577350 -0.577350 -0.577350
vn -0.577350 -0.577350 -0.577350
vn 0.577350 -0.577350 -0.577350
vn 0.577350 -0.577350 -0.577350
vn 0.577350 -0.577350 -0.577350
s off
g geo_grp edge_BY_geo
usemtl lambert3SG
f 577/913/2305 579/914/2306 595/915/2307 597/941/2308
f 578/917/2309 577/916/2310 582/948/2311 581/936/2312
f 579/945/2313 578/917/2314 584/924/2315 583/946/2316
f 580/918/2317 582/919/2318 598/935/2319 600/920/2320
f 581/936/2321 580/921/2322 588/949/2323 587/925/2324
f 583/922/2325 585/937/2326 590/929/2327 589/923/2328
f 585/937/2329 584/924/2330 587/925/2331 586/938/2332
f 586/938/2333 588/926/2334 594/950/2335 593/930/2336
f 589/927/2337 591/939/2338 596/933/2339 595/928/2340
f 591/939/2341 590/929/2342 593/930/2343 592/940/2344
f 592/940/2345 594/931/2346 600/932/2347 599/934/2348
f 597/941/2349 596/933/2350 599/934/2351 598/935/2352
usemtl lambert2SG
f 578/917/2353 581/936/2354 587/925/2355 584/924/2356
usemtl lambert_greenSG
f 585/937/2357 586/938/2358 593/930/2359 590/929/2360
usemtl lambert3SG
f 591/939/2361 592/940/2362 599/934/2363 596/933/2364
f 597/941/2365 598/935/2366 582/919/2367 577/913/2368
f 580/921/2369 600/942/2370 594/943/2371 588/949/2372
f 595/944/2373 579/945/2374 583/946/2375 589/947/2376
f 577/916/2377 578/917/2378 579/945/2379
f 580/921/2380 581/936/2381 582/948/2382
f 583/946/2383 584/924/2384 585/937/2385
f 586/938/2386 587/925/2387 588/949/2388
f 589/923/2389 590/929/2390 591/939/2391
f 592/940/2392 593/930/2393 594/950/2394
f 595/928/2395 596/933/2396 597/941/2397
f 598/935/2398 599/934/2399 600/932/2400
g default
v 0.563495 1.015000 1.436505
v 0.563495 1.063495 1.485000
v 0.515000 1.063495 1.436505
v 1.485000 1.063495 1.436505
v 1.436505 1.063495 1.485000
v 1.436505 1.015000 1.436505
v 0.515000 1.936505 1.436505
v 0.563495 1.936505 1.485000
v 0.563495 1.985000 1.436505
v 1.436505 1.985000 1.436505
v 1.436505 1.936505 1.485000
v 1.485000 1.936505 1.436505
v 0.515000 1.936505 0.563495
v 0.563495 1.985000 0.563495
v 0.563495 1.936505 0.515000
v 1.436505 1.936505 0.515000
v 1.436505 1.985000 0.563495
v 1.485000 1.936505 0.563495
v 0.515000 1.063495 0.563495
v 0.563495 1.063495 0.515000
v 0.563495 1.015000 0.563495
v 1.436505 1.015000 0.563495
v 1.436505 1.063495 0.515000
v 1.485000 1.063495 0.563495
vt 0.422948 0.751587
vt 0.420093 0.751587
vt 0.420093 0.700179
vt 0.422948 0.525965
vt 0.422948 0.528821
vt 0.477212 0.751587
vt 0.474356 0.751587
vt 0.477212 0.700179
vt 0.480068 0.528821
vt 0.420093 0.585940
vt 0.420093 0.637348
vt 0.422948 0.580229
vt 0.474356 0.580229
vt 0.477212 0.585940
vt 0.420093 0.643059
vt 0.420093 0.694467
vt 0.422948 0.637348
vt 0.474356 0.637348
vt 0.477212 0.643059
vt 0.477212 0.694467
vt 0.422948 0.694467
vt 0.474356 0.694467
vt 0.474356 0.700179
vt 0.474356 0.528821
vt 0.422948 0.585940
vt 0.474356 0.585940
vt 0.422948 0.643059
vt 0.474356 0.643059
vt 0.422948 0.700179
vt 0.531476 0.528821
vt 0.531476 0.580229
vt 0.365829 0.528821
vt 0.417237 0.528821
vt 0.417237 0.580229
vt 0.365829 0.580229
vt 0.474356 0.525965
vt 0.480068 0.580229
vt 0.477212 0.637348
vn -0.707107 -0.707107 0.000000
vn -0.707107 -0.707107 0.000000
vn -0.707107 -0.707107 0.000000
vn -0.707107 -0.707107 0.000000
vn 0.000000 -0.707107 0.707107
vn 0.000000 -0.707107 0.707107
vn 0.000000 -0.707107 0.707107
vn 0.000000 -0.707107 0.707107
vn -0.707107 0.000000 0.707107
vn -0.707107 0.000000 0.707107
vn -0.707107 0.000000 0.707107
vn -0.707107 0.000000 0.707107
vn 0.707107 -0.707107 0.000000
vn 0.707107 -0.707107 0.000000
vn 0.707107 -0.707107 0.000000
vn 0.707107 -0.707107 0.000000
vn 0.707107 0.000000 0.707107
vn 0.707107 0.000000 0.707107
vn 0.707107 0.000000 0.707107
vn 0.707107 0.000000 0.707107
vn -0.707107 0.707107 0.000000
vn -0.707107 0.707107 0.000000
vn -0.707107 0.707107 0.000000
vn -0.707107 0.707107 0.000000
vn 0.000000 0.707107 0.707107
vn 0.000000 0.707107 0.707107
vn 0.000000 0.707107 0.707107
vn 0.000000 0.707107 0.707107
vn 0.707107 0.707107 0.000000
vn 0.707107 0.707107 0.000000
vn 0.707107 0.707107 0.000000
vn 0.707107 0.707107 0.000000
vn -0.707107 0.000000 -0.707107
vn -0.707107 0.000000 -0.707107
vn -0.707107 0.000000 -0.707107
vn -0.707107 0.000000 -0.707107
vn 0.000000 0.707107 -0.707107
vn 0.000000 0.707107 -0.707107
vn 0.000000 0.707107 -0.707107
vn 0.000000 0.707107 -0.707107
vn 0.707107 0.000000 -0.707107
vn 0.707107 0.000000 -0.707107
vn 0.707107 0.000000 -0.707107
vn 0.707107 0.000000 -0.707107
vn 0.000000 -0.707107 -0.707107
vn 0.000000 -0.707107 -0.707107
vn 0.000000 -0.707107 -0.707107
vn 0.000000 -0.707107 -0.707107
vn 0.000000 0.000000 1.000000
vn 0.000000 0.000000 1.000000
vn 0.000000 0.000000 1.000000
vn 0.000000 0.000000 1.000000
vn 0.000000 1.000000 0.000000
vn 0.000000 1.000000 0.000000
vn 0.000000 1.000000 0.000000
vn 0.000000 1.000000 0.000000
vn 0.000000 0.000000 -1.000000
vn 0.000000 0.000000 -1.000000
vn 0.000000 0.000000 -1.000000
vn 0.000000 0.000000 -1.000000
vn 0.000000 -1.000000 0.000000
vn 0.000000 -1.000000 0.000000
vn 0.000000 -1.000000 0.000000
vn 0.000000 -1.000000 0.000000
vn 1.000000 0.000000 0.000000
vn 1.000000 0.000000 0.000000
vn 1.000000 0.000000 0.000000
vn 1.000000 0.000000 0.000000
vn -1.000000 0.000000 0.000000
vn -1.000000 0.000000 0.000000
vn -1.000000 0.000000 0.000000
vn -1.000000 0.000000 0.000000
vn -0.577350 -0.577350 0.577350
vn -0.577350 -0.577350 0.577350
vn -0.577350 -0.577350 0.577350
vn 0.577350 -0.577350 0.577350
vn 0.577350 -0.577350 0.577350
vn 0.577350 -0.577350 0.577350
vn -0.577350 0.577350 0.577350
vn -0.577350 0.577350 0.577350
vn -0.577350 0.577350 0.577350
vn 0.577350 0.577350 0.577350
vn 0.577350 0.577350 0.577350
vn 0.577350 0.577350 0.577350
vn -0.577350 0.577350 -0.577350
vn -0.577350 0.577350 -0.577350
vn -0.577350 0.577350 -0.577350
vn 0.577350 0.577350 -0.577350
vn 0.577350 0.577350 -0.577350
vn 0.577350 0.577350 -0.577350
vn -0.577350 -0.577350 -0.577350
vn -0.577350 -0.577350 -0.577350
vn -0.577350 -0.577350 -0.577350
vn 0.577350 -0.577350 -0.577350
vn 0.577350 -0.577350 -0.577350
vn 0.577350 -0.577350 -0.577350
s off
g geo_grp edge_BR_geo
usemtl lambert3SG
f 601/951/2401 603/952/2402 619/953/2403 621/979/2404
f 602/955/2405 601/954/2406 606/986/2407 605/974/2408
f 603/983/2409 602/955/2410 608/962/2411 607/984/2412
f 604/956/2413 606/957/2414 622/973/2415 624/958/2416
f 605/974/2417 604/959/2418 612/987/2419 611/963/2420
f 607/960/2421 609/975/2422 614/967/2423 613/961/2424
f 609/975/2425 608/962/2426 611/963/2427 610/976/2428
f 610/976/2429 612/964/2430 618/988/2431 617/968/2432
f 613/965/2433 615/977/2434 620/971/2435 619/966/2436
f 615/977/2437 614/967/2438 617/968/2439 616/978/2440
f 616/978/2441 618/969/2442 624/970/2443 623/972/2444
f 621/979/2445 620/971/2446 623/972/2447 622/973/2448
usemtl lambert2SG
f 602/955/2449 605/974/2450 611/963/2451 608/962/2452
usemtl lambert3SG
f 609/975/2453 610/976/2454 617/968/2455 614/967/2456
f 615/977/2457 616/978/2458 623/972/2459 620/971/2460
f 621/979/2461 622/973/2462 606/957/2463 601/951/2464
usemtl pasted__lambert_blueSG
f 604/959/2465 624/980/2466 618/981/2467 612/987/2468
usemtl lambert3SG
f 619/982/2469 603/983/2470 607/984/2471 613/985/2472
f 601/954/2473 602/955/2474 603/983/2475
f 604/959/2476 605/974/2477 606/986/2478
f 607/984/2479 608/962/2480 609/975/2481
f 610/976/2482 611/963/2483 612/987/2484
f 613/961/2485 614/967/2486 615/977/2487
f 616/978/2488 617/968/2489 618/988/2490
f 619/966/2491 620/971/2492 621/979/2493
f 622/973/2494 623/972/2495 624/970/2496
g default
v -1.436505 1.015000 1.436505
v -1.436505 1.063495 1.485000
v -1.485000 1.063495 1.436505
v -0.515000 1.063495 1.436505
v -0.563495 1.063495 1.485000
v -0.563495 1.015000 1.436505
v -1.485000 1.936505 1.436505
v -1.436505 1.936505 1.485000
v -1.436505 1.985000 1.436505
v -0.563495 1.985000 1.436505
v -0.563495 1.936505 1.485000
v -0.515000 1.936505 1.436505
v -1.485000 1.936505 0.563495
v -1.436505 1.985000 0.563495
v -1.436505 1.936505 0.515000
v -0.563495 1.936505 0.515000
v -0.563495 1.985000 0.563495
v -0.515000 1.936505 0.563495
v -1.485000 1.063495 0.563495
v -1.436505 1.063495 0.515000
v -1.436505 1.015000 0.563495
v -0.563495 1.015000 0.563495
v -0.563495 1.063495 0.515000
v -0.515000 1.063495 0.563495
vt 0.542075 0.352274
vt 0.539219 0.352274
vt 0.539219 0.300866
vt 0.542075 0.126653
vt 0.542075 0.129508
vt 0.596339 0.352274
vt 0.593483 0.352274
vt 0.596339 0.300866
vt 0.599194 0.129508
vt 0.539219 0.186628
vt 0.539219 0.238036
vt 0.542075 0.180916
vt 0.593483 0.180916
vt 0.596339 0.186628
vt 0.539219 0.243747
vt 0.539219 0.295155
vt 0.542075 0.238036
vt 0.593483 0.238036
vt 0.596339 0.243747
vt 0.596339 0.295155
vt 0.542075 0.295155
vt 0.593483 0.295155
vt 0.593483 0.300866
vt 0.593483 0.129508
vt 0.542075 0.186628
vt 0.593483 0.186628
vt 0.542075 0.243747
vt 0.593483 0.243747
vt 0.542075 0.300866
vt 0.650602 0.129508
vt 0.650602 0.180916
vt 0.484956 0.129508
vt 0.536364 0.129508
vt 0.536363 0.180916
vt 0.484956 0.180916
vt 0.593483 0.126653
vt 0.599194 0.180916
vt 0.596339 0.238036
vn -0.707107 -0.707107 0.000000
vn -0.707107 -0.707107 0.000000
vn -0.707107 -0.707107 0.000000
vn -0.707107 -0.707107 0.000000
vn 0.000000 -0.707107 0.707107
vn 0.000000 -0.707107 0.707107
vn 0.000000 -0.707107 0.707107
vn 0.000000 -0.707107 0.707107
vn -0.707107 0.000000 0.707107
vn -0.707107 0.000000 0.707107
vn -0.707107 0.000000 0.707107
vn -0.707107 0.000000 0.707107
vn 0.707107 -0.707107 0.000000
vn 0.707107 -0.707107 0.000000
vn 0.707107 -0.707107 0.000000
vn 0.707107 -0.707107 0.000000
vn 0.707107 0.000000 0.707107
vn 0.707107 0.000000 0.707107
vn 0.707107 0.000000 0.707107
vn 0.707107 0.000000 0.707107
vn -0.707107 0.707107 0.000000
vn -0.707107 0.707107 0.000000
vn -0.707107 0.707107 0.000000
vn -0.707107 0.707107 0.000000
vn 0.000000 0.707107 0.707107
vn 0.000000 0.707107 0.707107
vn 0.000000 0.707107 0.707107
vn 0.000000 0.707107 0.707107
vn 0.707107 0.707107 0.000000
vn 0.707107 0.707107 0.000000
vn 0.707107 0.707107 0.000000
vn 0.707107 0.707107 0.000000
vn -0.707107 0.000000 -0.707107
vn -0.707107 0.000000 -0.707107
vn -0.707107 0.000000 -0.707107
vn -0.707107 0.000000 -0.707107
vn 0.000000 0.707107 -0.707107
vn 0.000000 0.707107 -0.707107
vn 0.000000 0.707107 -0.707107
vn 0.000000 0.707107 -0.707107
vn 0.707107 0.000000 -0.707107
vn 0.707107 0.000000 -0.707107
vn 0.707107 0.000000 -0.707107
vn 0.707107 0.000000 -0.707107
vn 0.000000 -0.707107 -0.707107
vn 0.000000 -0.707107 -0.707107
vn 0.000000 -0.707107 -0.707107
vn 0.000000 -0.707107 -0.707107
vn 0.000000 0.000000 1.000000
vn 0.000000 0.000000 1.000000
vn 0.000000 0.000000 1.000000
vn 0.000000 0.000000 1.000000
vn 0.000000 1.000000 0.000000
vn 0.000000 1.000000 0.000000
vn 0.000000 1.000000 0.000000
vn 0.000000 1.000000 0.000000
vn 0.000000 0.000000 -1.000000
vn 0.000000 0.000000 -1.000000
vn 0.000000 0.000000 -1.000000
vn 0.000000 0.000000 -1.000000
vn 0.000000 -1.000000 0.000000
vn 0.000000 -1.000000 0.000000
vn 0.000000 -1.000000 0.000000
vn 0.000000 -1.000000 0.000000
vn 1.000000 0.000000 0.000000
vn 1.000000 0.000000 0.000000
vn 1.000000 0.000000 0.000000
vn 1.000000 0.000000 0.000000
vn -1.000000 0.000000 0.000000
vn -1.000000 0.000000 0.000000
vn -1.000000 0.000000 0.000000
vn -1.000000 0.000000 0.000000
vn -0.577350 -0.577350 0.577350
vn -0.577350 -0.577350 0.577350
vn -0.577350 -0.577350 0.577350
vn 0.577350 -0.577350 0.577350
vn 0.577350 -0.577350 0.577350
vn 0.577350 -0.577350 0.577350
vn -0.577350 0.577350 0.577350
vn -0.577350 0.577350 0.577350
vn -0.577350 0.577350 0.577350
vn 0.577350 0.577350 0.577350
vn 0.577350 0.577350 0.577350
vn 0.577350 0.577350 0.577350
vn -0.577350 0.577350 -0.577350
vn -0.577350 0.577350 -0.577350
vn -0.577350 0.577350 -0.577350
vn 0.577350 0.577350 -0.577350
vn 0.577350 0.577350 -0.577350
vn 0.577350 0.577350 -0.577350
vn -0.577350 -0.577350 -0.577350
vn -0.577350 -0.577350 -0.577350
vn -0.577350 -0.577350 -0.577350
vn 0.577350 -0.577350 -0.577350
vn 0.577350 -0.577350 -0.577350
vn 0.577350 -0.577350 -0.577350
s off
g geo_grp edge_BO_geo
usemtl lambert3SG
f 625/989/2497 627/990/2498 643/991/2499 645/1017/2500
f 626/993/2501 625/992/2502 630/1024/2503 629/1012/2504
f 627/1021/2505 626/993/2506 632/1000/2507 631/1022/2508
f 628/994/2509 630/995/2510 646/1011/2511 648/996/2512
f 629/1012/2513 628/997/2514 636/1025/2515 635/1001/2516
f 631/998/2517 633/1013/2518 638/1005/2519 637/999/2520
f 633/1013/2521 632/1000/2522 635/1001/2523 634/1014/2524
f 634/1014/2525 636/1002/2526 642/1026/2527 641/1006/2528
f 637/1003/2529 639/1015/2530 644/1009/2531 643/1004/2532
f 639/1015/2533 638/1005/2534 641/1006/2535 640/1016/2536
f 640/1016/2537 642/1007/2538 648/1008/2539 647/1010/2540
f 645/1017/2541 644/1009/2542 647/1010/2543 646/1011/2544
usemtl lambert2SG
f 626/993/2545 629/1012/2546 635/1001/2547 632/1000/2548
usemtl lambert3SG
f 633/1013/2549 634/1014/2550 641/1006/2551 638/1005/2552
f 639/1015/2553 640/1016/2554 647/1010/2555 644/1009/2556
f 645/1017/2557 646/1011/2558 630/995/2559 625/989/2560
f 628/997/2561 648/1018/2562 642/1019/2563 636/1025/2564
usemtl lambert5SG
f 643/1020/2565 627/1021/2566 631/1022/2567 637/1023/2568
usemtl lambert3SG
f 625/992/2569 626/993/2570 627/1021/2571
f 628/997/2572 629/1012/2573 630/1024/2574
f 631/1022/2575 632/1000/2576 633/1013/2577
f 634/1014/2578 635/1001/2579 636/1025/2580
f 637/999/2581 638/1005/2582 639/1015/2583
f 640/1016/2584 641/1006/2585 642/1026/2586
f 643/1004/2587 644/1009/2588 645/1017/2589
f 646/1011/2590 647/1010/2591 648/1008/2592
